sample_id,source_dataset,sample_role,subject_id,source_subject_id,local_subject_id,source_sequence_id,sequence_id,frame_dir,path_status,frame_count,frame_extension
casme2__sub01__EP02_01f,casme2,classification,sub01,sub01,sub01,EP02_01f,EP02_01f,D:/揭榜挂帅专项赛数据集/数据集/心理/CASME2/Cropped/sub01/EP02_01f,available,30,.jpg
casme2__sub01__EP19_05f,casme2,classification,sub01,sub01,sub01,EP19_05f,EP19_05f,D:/揭榜挂帅专项赛数据集/数据集/心理/CASME2/Cropped/sub01/EP19_05f,available,41,.jpg
casme2__sub01__EP19_06f,casme2,classification,sub01,sub01,sub01,EP19_06f,EP19_06f,D:/揭榜挂帅专项赛数据集/数据集/心理/CASME2/Cropped/sub01/EP19_06f,available,40,.jpg
casme2__sub02__EP01_11f,casme2,classification,sub02,sub02,sub02,EP01_11f,EP01_11f,D:/揭榜挂帅专项赛数据集/数据集/心理/CASME2/Cropped/sub02/EP01_11f,available,38,.jpg
casme2__sub02__EP02_04f,casme2,classification,sub02,sub02,sub02,EP02_04f,EP02_04f,D:/揭榜挂帅专项赛数据集/数据集/心理/CASME2/Cropped/sub02/EP02_04f,available,39,.jpg
casme2__sub02__EP03_02f,casme2,classification,sub02,sub02,sub02,EP03_02f,EP03_02f,D:/揭榜挂帅专项赛数据集/数据集/心理/CASME2/Cropped/sub02/EP03_02f,available,33,.jpg
casme2__sub02__EP06_01f,casme2,classification,sub02,sub02,sub02,EP06_01f,EP06_01f,D:/揭榜挂帅专项赛数据集/数据集/心理/CASME2/Cropped/sub02/EP06_01f,available,49,.jpg
casme2__sub02__EP06_02f,casme2,classification,sub02,sub02,sub02,EP06_02f,EP06_02f,D:/揭榜挂帅专项赛数据集/数据集/心理/CASME2/Cropped/sub02/EP06_02f,available,38,.jpg
casme2__sub02__EP09_01,casme2,classification,sub02,sub02,sub02,EP09_01,EP09_01,D:/揭榜挂帅专项赛数据集/数据集/心理/CASME2/Cropped/sub02/EP09_01,available,40,.jpg
casme2__sub02__EP11_01,casme2,classification,sub02,sub02,sub02,EP11_01,EP11_01,D:/揭榜挂帅专项赛数据集/数据集/心理/CASME2/Cropped/sub02/EP11_01,available,44,.jpg
casme2__sub02__EP13_04,casme2,classification,sub02,sub02,sub02,EP13_04,EP13_04,D:/揭榜挂帅专项赛数据集/数据集/心理/CASME2/Cropped/sub02/EP13_04,available,40,.jpg
casme2__sub02__EP14_01,casme2,classification,sub02,sub02,sub02,EP14_01,EP14_01,D:/揭榜挂帅专项赛数据集/数据集/心理/CASME2/Cropped/sub02/EP14_01,available,40,.jpg
casme2__sub03__EP01_2,casme2,classification,sub03,sub03,sub03,EP01_2,EP01_2,D:/揭榜挂帅专项赛数据集/数据集/心理/CASME2/Cropped/sub03/EP01_2,available,36,.jpg
casme2__sub03__EP07_04,casme2,classification,sub03,sub03,sub03,EP07_04,EP07_04,D:/揭榜挂帅专项赛数据集/数据集/心理/CASME2/Cropped/sub03/EP07_04,available,44,.jpg
casme2__sub03__EP09_03,casme2,classification,sub03,sub03,sub03,EP09_03,EP09_03,D:/揭榜挂帅专项赛数据集/数据集/心理/CASME2/Cropped/sub03/EP09_03,available,42,.jpg
casme2__sub03__EP18_06,casme2,classification,sub03,sub03,sub03,EP18_06,EP18_06,D:/揭榜挂帅专项赛数据集/数据集/心理/CASME2/Cropped/sub03/EP18_06,available,55,.jpg
casme2__sub03__EP19_08,casme2,classification,sub03,sub03,sub03,EP19_08,EP19_08,D:/揭榜挂帅专项赛数据集/数据集/心理/CASME2/Cropped/sub03/EP19_08,available,41,.jpg
casme2__sub04__EP12_02f,casme2,classification,sub04,sub04,sub04,EP12_02f,EP12_02f,D:/揭榜挂帅专项赛数据集/数据集/心理/CASME2/Cropped/sub04/EP12_02f,available,51,.jpg
casme2__sub04__EP13_06f,casme2,classification,sub04,sub04,sub04,EP13_06f,EP13_06f,D:/揭榜挂帅专项赛数据集/数据集/心理/CASME2/Cropped/sub04/EP13_06f,available,40,.jpg
casme2__sub05__EP02_07,casme2,classification,sub05,sub05,sub05,EP02_07,EP02_07,D:/揭榜挂帅专项赛数据集/数据集/心理/CASME2/Cropped/sub05/EP02_07,available,44,.jpg
casme2__sub05__EP03_01,casme2,classification,sub05,sub05,sub05,EP03_01,EP03_01,D:/揭榜挂帅专项赛数据集/数据集/心理/CASME2/Cropped/sub05/EP03_01,available,61,.jpg
casme2__sub05__EP03_06,casme2,classification,sub05,sub05,sub05,EP03_06,EP03_06,D:/揭榜挂帅专项赛数据集/数据集/心理/CASME2/Cropped/sub05/EP03_06,available,37,.jpg
casme2__sub05__EP04_05,casme2,classification,sub05,sub05,sub05,EP04_05,EP04_05,D:/揭榜挂帅专项赛数据集/数据集/心理/CASME2/Cropped/sub05/EP04_05,available,44,.jpg
casme2__sub05__EP04_06,casme2,classification,sub05,sub05,sub05,EP04_06,EP04_06,D:/揭榜挂帅专项赛数据集/数据集/心理/CASME2/Cropped/sub05/EP04_06,available,37,.jpg
casme2__sub05__EP12_03f,casme2,classification,sub05,sub05,sub05,EP12_03f,EP12_03f,D:/揭榜挂帅专项赛数据集/数据集/心理/CASME2/Cropped/sub05/EP12_03f,available,44,.jpg
casme2__sub06__EP01_01,casme2,classification,sub06,sub06,sub06,EP01_01,EP01_01,D:/揭榜挂帅专项赛数据集/数据集/心理/CASME2/Cropped/sub06/EP01_01,available,50,.jpg
casme2__sub06__EP02_31,casme2,classification,sub06,sub06,sub06,EP02_31,EP02_31,D:/揭榜挂帅专项赛数据集/数据集/心理/CASME2/Cropped/sub06/EP02_31,available,44,.jpg
casme2__sub06__EP15_02,casme2,classification,sub06,sub06,sub06,EP15_02,EP15_02,D:/揭榜挂帅专项赛数据集/数据集/心理/CASME2/Cropped/sub06/EP15_02,available,44,.jpg
casme2__sub06__EP16_05,casme2,classification,sub06,sub06,sub06,EP16_05,EP16_05,D:/揭榜挂帅专项赛数据集/数据集/心理/CASME2/Cropped/sub06/EP16_05,available,55,.jpg
casme2__sub07__EP01_01,casme2,classification,sub07,sub07,sub07,EP01_01,EP01_01,D:/揭榜挂帅专项赛数据集/数据集/心理/CASME2/Cropped/sub07/EP01_01,available,55,.jpg
casme2__sub07__EP06_02_01,casme2,classification,sub07,sub07,sub07,EP06_02_01,EP06_02_01,D:/揭榜挂帅专项赛数据集/数据集/心理/CASME2/Cropped/sub07/EP06_02_01,available,55,.jpg
casme2__sub07__EP06_02_02,casme2,classification,sub07,sub07,sub07,EP06_02_02,EP06_02_02,D:/揭榜挂帅专项赛数据集/数据集/心理/CASME2/Cropped/sub07/EP06_02_02,available,44,.jpg
casme2__sub07__EP08_02,casme2,classification,sub07,sub07,sub07,EP08_02,EP08_02,D:/揭榜挂帅专项赛数据集/数据集/心理/CASME2/Cropped/sub07/EP08_02,available,47,.jpg
casme2__sub07__EP15_01,casme2,classification,sub07,sub07,sub07,EP15_01,EP15_01,D:/揭榜挂帅专项赛数据集/数据集/心理/CASME2/Cropped/sub07/EP15_01,available,44,.jpg
casme2__sub08__EP13_01f,casme2,classification,sub08,sub08,sub08,EP13_01f,EP13_01f,D:/揭榜挂帅专项赛数据集/数据集/心理/CASME2/Cropped/sub08/EP13_01f,available,61,.jpg
casme2__sub09__EP02_01f,casme2,classification,sub09,sub09,sub09,EP02_01f,EP02_01f,D:/揭榜挂帅专项赛数据集/数据集/心理/CASME2/Cropped/sub09/EP02_01f,available,50,.jpg
casme2__sub09__EP05_05,casme2,classification,sub09,sub09,sub09,EP05_05,EP05_05,D:/揭榜挂帅专项赛数据集/数据集/心理/CASME2/Cropped/sub09/EP05_05,available,51,.jpg
casme2__sub09__EP06_01f,casme2,classification,sub09,sub09,sub09,EP06_01f,EP06_01f,D:/揭榜挂帅专项赛数据集/数据集/心理/CASME2/Cropped/sub09/EP06_01f,available,55,.jpg
casme2__sub09__EP06_02f,casme2,classification,sub09,sub09,sub09,EP06_02f,EP06_02f,D:/揭榜挂帅专项赛数据集/数据集/心理/CASME2/Cropped/sub09/EP06_02f,available,55,.jpg
casme2__sub09__EP09_04,casme2,classification,sub09,sub09,sub09,EP09_04,EP09_04,D:/揭榜挂帅专项赛数据集/数据集/心理/CASME2/Cropped/sub09/EP09_04,available,55,.jpg
casme2__sub09__EP09_05,casme2,classification,sub09,sub09,sub09,EP09_05,EP09_05,D:/揭榜挂帅专项赛数据集/数据集/心理/CASME2/Cropped/sub09/EP09_05,available,51,.jpg
casme2__sub09__EP09f,casme2,classification,sub09,sub09,sub09,EP09f,EP09f,D:/揭榜挂帅专项赛数据集/数据集/心理/CASME2/Cropped/sub09/EP09f,available,44,.jpg
casme2__sub09__EP13_01,casme2,classification,sub09,sub09,sub09,EP13_01,EP13_01,D:/揭榜挂帅专项赛数据集/数据集/心理/CASME2/Cropped/sub09/EP13_01,available,55,.jpg
casme2__sub09__EP15_05,casme2,classification,sub09,sub09,sub09,EP15_05,EP15_05,D:/揭榜挂帅专项赛数据集/数据集/心理/CASME2/Cropped/sub09/EP15_05,available,44,.jpg
casme2__sub09__EP17_08,casme2,classification,sub09,sub09,sub09,EP17_08,EP17_08,D:/揭榜挂帅专项赛数据集/数据集/心理/CASME2/Cropped/sub09/EP17_08,available,55,.jpg
casme2__sub11__EP08_01f,casme2,classification,sub11,sub11,sub11,EP08_01f,EP08_01f,D:/揭榜挂帅专项赛数据集/数据集/心理/CASME2/Cropped/sub11/EP08_01f,available,44,.jpg
casme2__sub11__EP13_02f,casme2,classification,sub11,sub11,sub11,EP13_02f,EP13_02f,D:/揭榜挂帅专项赛数据集/数据集/心理/CASME2/Cropped/sub11/EP13_02f,available,38,.jpg
casme2__sub11__EP13_03f,casme2,classification,sub11,sub11,sub11,EP13_03f,EP13_03f,D:/揭榜挂帅专项赛数据集/数据集/心理/CASME2/Cropped/sub11/EP13_03f,available,41,.jpg
casme2__sub11__EP13_05f,casme2,classification,sub11,sub11,sub11,EP13_05f,EP13_05f,D:/揭榜挂帅专项赛数据集/数据集/心理/CASME2/Cropped/sub11/EP13_05f,available,44,.jpg
casme2__sub12__EP01_02,casme2,classification,sub12,sub12,sub12,EP01_02,EP01_02,D:/揭榜挂帅专项赛数据集/数据集/心理/CASME2/Cropped/sub12/EP01_02,available,39,.jpg
casme2__sub12__EP02_05,casme2,classification,sub12,sub12,sub12,EP02_05,EP02_05,D:/揭榜挂帅专项赛数据集/数据集/心理/CASME2/Cropped/sub12/EP02_05,available,39,.jpg
casme2__sub12__EP03_04,casme2,classification,sub12,sub12,sub12,EP03_04,EP03_04,D:/揭榜挂帅专项赛数据集/数据集/心理/CASME2/Cropped/sub12/EP03_04,available,61,.jpg
casme2__sub12__EP04_16,casme2,classification,sub12,sub12,sub12,EP04_16,EP04_16,D:/揭榜挂帅专项赛数据集/数据集/心理/CASME2/Cropped/sub12/EP04_16,available,55,.jpg
casme2__sub12__EP06_06,casme2,classification,sub12,sub12,sub12,EP06_06,EP06_06,D:/揭榜挂帅专项赛数据集/数据集/心理/CASME2/Cropped/sub12/EP06_06,available,49,.jpg
casme2__sub12__EP08_01,casme2,classification,sub12,sub12,sub12,EP08_01,EP08_01,D:/揭榜挂帅专项赛数据集/数据集/心理/CASME2/Cropped/sub12/EP08_01,available,47,.jpg
casme2__sub12__EP08_03,casme2,classification,sub12,sub12,sub12,EP08_03,EP08_03,D:/揭榜挂帅专项赛数据集/数据集/心理/CASME2/Cropped/sub12/EP08_03,available,44,.jpg
casme2__sub12__EP08_07,casme2,classification,sub12,sub12,sub12,EP08_07,EP08_07,D:/揭榜挂帅专项赛数据集/数据集/心理/CASME2/Cropped/sub12/EP08_07,available,44,.jpg
casme2__sub12__EP09_02,casme2,classification,sub12,sub12,sub12,EP09_02,EP09_02,D:/揭榜挂帅专项赛数据集/数据集/心理/CASME2/Cropped/sub12/EP09_02,available,50,.jpg
casme2__sub12__EP09_06,casme2,classification,sub12,sub12,sub12,EP09_06,EP09_06,D:/揭榜挂帅专项赛数据集/数据集/心理/CASME2/Cropped/sub12/EP09_06,available,46,.jpg
casme2__sub12__EP16_02,casme2,classification,sub12,sub12,sub12,EP16_02,EP16_02,D:/揭榜挂帅专项赛数据集/数据集/心理/CASME2/Cropped/sub12/EP16_02,available,44,.jpg
casme2__sub13__EP03_01,casme2,classification,sub13,sub13,sub13,EP03_01,EP03_01,D:/揭榜挂帅专项赛数据集/数据集/心理/CASME2/Cropped/sub13/EP03_01,available,33,.jpg
casme2__sub13__EP09_10,casme2,classification,sub13,sub13,sub13,EP09_10,EP09_10,D:/揭榜挂帅专项赛数据集/数据集/心理/CASME2/Cropped/sub13/EP09_10,available,39,.jpg
casme2__sub14__EP09_03,casme2,classification,sub14,sub14,sub14,EP09_03,EP09_03,D:/揭榜挂帅专项赛数据集/数据集/心理/CASME2/Cropped/sub14/EP09_03,available,36,.jpg
casme2__sub14__EP09_04,casme2,classification,sub14,sub14,sub14,EP09_04,EP09_04,D:/揭榜挂帅专项赛数据集/数据集/心理/CASME2/Cropped/sub14/EP09_04,available,44,.jpg
casme2__sub14__EP09_06,casme2,classification,sub14,sub14,sub14,EP09_06,EP09_06,D:/揭榜挂帅专项赛数据集/数据集/心理/CASME2/Cropped/sub14/EP09_06,available,44,.jpg
casme2__sub15__EP03_02,casme2,classification,sub15,sub15,sub15,EP03_02,EP03_02,D:/揭榜挂帅专项赛数据集/数据集/心理/CASME2/Cropped/sub15/EP03_02,available,55,.jpg
casme2__sub15__EP04_02,casme2,classification,sub15,sub15,sub15,EP04_02,EP04_02,D:/揭榜挂帅专项赛数据集/数据集/心理/CASME2/Cropped/sub15/EP04_02,available,55,.jpg
casme2__sub15__EP08_02,casme2,classification,sub15,sub15,sub15,EP08_02,EP08_02,D:/揭榜挂帅专项赛数据集/数据集/心理/CASME2/Cropped/sub15/EP08_02,available,39,.jpg
casme2__sub16__EP01_05,casme2,classification,sub16,sub16,sub16,EP01_05,EP01_05,D:/揭榜挂帅专项赛数据集/数据集/心理/CASME2/Cropped/sub16/EP01_05,available,56,.jpg
casme2__sub16__EP01_08,casme2,classification,sub16,sub16,sub16,EP01_08,EP01_08,D:/揭榜挂帅专项赛数据集/数据集/心理/CASME2/Cropped/sub16/EP01_08,available,24,.jpg
casme2__sub16__EP04_02f,casme2,classification,sub16,sub16,sub16,EP04_02f,EP04_02f,D:/揭榜挂帅专项赛数据集/数据集/心理/CASME2/Cropped/sub16/EP04_02f,available,61,.jpg
casme2__sub17__EP01_06,casme2,classification,sub17,sub17,sub17,EP01_06,EP01_06,D:/揭榜挂帅专项赛数据集/数据集/心理/CASME2/Cropped/sub17/EP01_06,available,41,.jpg
casme2__sub17__EP01_13,casme2,classification,sub17,sub17,sub17,EP01_13,EP01_13,D:/揭榜挂帅专项赛数据集/数据集/心理/CASME2/Cropped/sub17/EP01_13,available,49,.jpg
casme2__sub17__EP01_15,casme2,classification,sub17,sub17,sub17,EP01_15,EP01_15,D:/揭榜挂帅专项赛数据集/数据集/心理/CASME2/Cropped/sub17/EP01_15,available,41,.jpg
casme2__sub17__EP02_01,casme2,classification,sub17,sub17,sub17,EP02_01,EP02_01,D:/揭榜挂帅专项赛数据集/数据集/心理/CASME2/Cropped/sub17/EP02_01,available,46,.jpg
casme2__sub17__EP02_03,casme2,classification,sub17,sub17,sub17,EP02_03,EP02_03,D:/揭榜挂帅专项赛数据集/数据集/心理/CASME2/Cropped/sub17/EP02_03,available,44,.jpg
casme2__sub17__EP02_11,casme2,classification,sub17,sub17,sub17,EP02_11,EP02_11,D:/揭榜挂帅专项赛数据集/数据集/心理/CASME2/Cropped/sub17/EP02_11,available,36,.jpg
casme2__sub17__EP02_18f,casme2,classification,sub17,sub17,sub17,EP02_18f,EP02_18f,D:/揭榜挂帅专项赛数据集/数据集/心理/CASME2/Cropped/sub17/EP02_18f,available,59,.jpg
casme2__sub17__EP03_02,casme2,classification,sub17,sub17,sub17,EP03_02,EP03_02,D:/揭榜挂帅专项赛数据集/数据集/心理/CASME2/Cropped/sub17/EP03_02,available,44,.jpg
casme2__sub17__EP03_09,casme2,classification,sub17,sub17,sub17,EP03_09,EP03_09,D:/揭榜挂帅专项赛数据集/数据集/心理/CASME2/Cropped/sub17/EP03_09,available,44,.jpg
casme2__sub17__EP05_02,casme2,classification,sub17,sub17,sub17,EP05_02,EP05_02,D:/揭榜挂帅专项赛数据集/数据集/心理/CASME2/Cropped/sub17/EP05_02,available,33,.jpg
casme2__sub17__EP05_03,casme2,classification,sub17,sub17,sub17,EP05_03,EP05_03,D:/揭榜挂帅专项赛数据集/数据集/心理/CASME2/Cropped/sub17/EP05_03,available,44,.jpg
casme2__sub17__EP05_03f,casme2,classification,sub17,sub17,sub17,EP05_03f,EP05_03f,D:/揭榜挂帅专项赛数据集/数据集/心理/CASME2/Cropped/sub17/EP05_03f,available,35,.jpg
casme2__sub17__EP05_04,casme2,classification,sub17,sub17,sub17,EP05_04,EP05_04,D:/揭榜挂帅专项赛数据集/数据集/心理/CASME2/Cropped/sub17/EP05_04,available,36,.jpg
casme2__sub17__EP05_09,casme2,classification,sub17,sub17,sub17,EP05_09,EP05_09,D:/揭榜挂帅专项赛数据集/数据集/心理/CASME2/Cropped/sub17/EP05_09,available,44,.jpg
casme2__sub17__EP05_10,casme2,classification,sub17,sub17,sub17,EP05_10,EP05_10,D:/揭榜挂帅专项赛数据集/数据集/心理/CASME2/Cropped/sub17/EP05_10,available,41,.jpg
casme2__sub17__EP06_04,casme2,classification,sub17,sub17,sub17,EP06_04,EP06_04,D:/揭榜挂帅专项赛数据集/数据集/心理/CASME2/Cropped/sub17/EP06_04,available,40,.jpg
casme2__sub17__EP06_07,casme2,classification,sub17,sub17,sub17,EP06_07,EP06_07,D:/揭榜挂帅专项赛数据集/数据集/心理/CASME2/Cropped/sub17/EP06_07,available,31,.jpg
casme2__sub17__EP06_08,casme2,classification,sub17,sub17,sub17,EP06_08,EP06_08,D:/揭榜挂帅专项赛数据集/数据集/心理/CASME2/Cropped/sub17/EP06_08,available,44,.jpg
casme2__sub17__EP07_01,casme2,classification,sub17,sub17,sub17,EP07_01,EP07_01,D:/揭榜挂帅专项赛数据集/数据集/心理/CASME2/Cropped/sub17/EP07_01,available,44,.jpg
casme2__sub17__EP08_02,casme2,classification,sub17,sub17,sub17,EP08_02,EP08_02,D:/揭榜挂帅专项赛数据集/数据集/心理/CASME2/Cropped/sub17/EP08_02,available,42,.jpg
casme2__sub17__EP10_06,casme2,classification,sub17,sub17,sub17,EP10_06,EP10_06,D:/揭榜挂帅专项赛数据集/数据集/心理/CASME2/Cropped/sub17/EP10_06,available,44,.jpg
casme2__sub17__EP11_01,casme2,classification,sub17,sub17,sub17,EP11_01,EP11_01,D:/揭榜挂帅专项赛数据集/数据集/心理/CASME2/Cropped/sub17/EP11_01,available,45,.jpg
casme2__sub17__EP11_02,casme2,classification,sub17,sub17,sub17,EP11_02,EP11_02,D:/揭榜挂帅专项赛数据集/数据集/心理/CASME2/Cropped/sub17/EP11_02,available,38,.jpg
casme2__sub17__EP12_03,casme2,classification,sub17,sub17,sub17,EP12_03,EP12_03,D:/揭榜挂帅专项赛数据集/数据集/心理/CASME2/Cropped/sub17/EP12_03,available,54,.jpg
casme2__sub17__EP13_03,casme2,classification,sub17,sub17,sub17,EP13_03,EP13_03,D:/揭榜挂帅专项赛数据集/数据集/心理/CASME2/Cropped/sub17/EP13_03,available,36,.jpg
casme2__sub17__EP13_04,casme2,classification,sub17,sub17,sub17,EP13_04,EP13_04,D:/揭榜挂帅专项赛数据集/数据集/心理/CASME2/Cropped/sub17/EP13_04,available,36,.jpg
casme2__sub17__EP13_06,casme2,classification,sub17,sub17,sub17,EP13_06,EP13_06,D:/揭榜挂帅专项赛数据集/数据集/心理/CASME2/Cropped/sub17/EP13_06,available,44,.jpg
casme2__sub17__EP13_09,casme2,classification,sub17,sub17,sub17,EP13_09,EP13_09,D:/揭榜挂帅专项赛数据集/数据集/心理/CASME2/Cropped/sub17/EP13_09,available,55,.jpg
casme2__sub17__EP15_04,casme2,classification,sub17,sub17,sub17,EP15_04,EP15_04,D:/揭榜挂帅专项赛数据集/数据集/心理/CASME2/Cropped/sub17/EP15_04,available,44,.jpg
casme2__sub17__EP16_01f,casme2,classification,sub17,sub17,sub17,EP16_01f,EP16_01f,D:/揭榜挂帅专项赛数据集/数据集/心理/CASME2/Cropped/sub17/EP16_01f,available,38,.jpg
casme2__sub17__EP18_07,casme2,classification,sub17,sub17,sub17,EP18_07,EP18_07,D:/揭榜挂帅专项赛数据集/数据集/心理/CASME2/Cropped/sub17/EP18_07,available,37,.jpg
casme2__sub19__EP01_01f,casme2,classification,sub19,sub19,sub19,EP01_01f,EP01_01f,D:/揭榜挂帅专项赛数据集/数据集/心理/CASME2/Cropped/sub19/EP01_01f,available,43,.jpg
casme2__sub19__EP01_02f,casme2,classification,sub19,sub19,sub19,EP01_02f,EP01_02f,D:/揭榜挂帅专项赛数据集/数据集/心理/CASME2/Cropped/sub19/EP01_02f,available,47,.jpg
casme2__sub19__EP02_01,casme2,classification,sub19,sub19,sub19,EP02_01,EP02_01,D:/揭榜挂帅专项赛数据集/数据集/心理/CASME2/Cropped/sub19/EP02_01,available,44,.jpg
casme2__sub19__EP06_01f,casme2,classification,sub19,sub19,sub19,EP06_01f,EP06_01f,D:/揭榜挂帅专项赛数据集/数据集/心理/CASME2/Cropped/sub19/EP06_01f,available,43,.jpg
casme2__sub19__EP08_02,casme2,classification,sub19,sub19,sub19,EP08_02,EP08_02,D:/揭榜挂帅专项赛数据集/数据集/心理/CASME2/Cropped/sub19/EP08_02,available,44,.jpg
casme2__sub19__EP11_04f,casme2,classification,sub19,sub19,sub19,EP11_04f,EP11_04f,D:/揭榜挂帅专项赛数据集/数据集/心理/CASME2/Cropped/sub19/EP11_04f,available,28,.jpg
casme2__sub19__EP13_01,casme2,classification,sub19,sub19,sub19,EP13_01,EP13_01,D:/揭榜挂帅专项赛数据集/数据集/心理/CASME2/Cropped/sub19/EP13_01,available,48,.jpg
casme2__sub19__EP16_01,casme2,classification,sub19,sub19,sub19,EP16_01,EP16_01,D:/揭榜挂帅专项赛数据集/数据集/心理/CASME2/Cropped/sub19/EP16_01,available,51,.jpg
casme2__sub19__EP16_02,casme2,classification,sub19,sub19,sub19,EP16_02,EP16_02,D:/揭榜挂帅专项赛数据集/数据集/心理/CASME2/Cropped/sub19/EP16_02,available,41,.jpg
casme2__sub19__EP19_02,casme2,classification,sub19,sub19,sub19,EP19_02,EP19_02,D:/揭榜挂帅专项赛数据集/数据集/心理/CASME2/Cropped/sub19/EP19_02,available,46,.jpg
casme2__sub19__EP19_03,casme2,classification,sub19,sub19,sub19,EP19_03,EP19_03,D:/揭榜挂帅专项赛数据集/数据集/心理/CASME2/Cropped/sub19/EP19_03,available,44,.jpg
casme2__sub20__EP01_03,casme2,classification,sub20,sub20,sub20,EP01_03,EP01_03,D:/揭榜挂帅专项赛数据集/数据集/心理/CASME2/Cropped/sub20/EP01_03,available,51,.jpg
casme2__sub20__EP06_03,casme2,classification,sub20,sub20,sub20,EP06_03,EP06_03,D:/揭榜挂帅专项赛数据集/数据集/心理/CASME2/Cropped/sub20/EP06_03,available,31,.jpg
casme2__sub21__EP05_02,casme2,classification,sub21,sub21,sub21,EP05_02,EP05_02,D:/揭榜挂帅专项赛数据集/数据集/心理/CASME2/Cropped/sub21/EP05_02,available,50,.jpg
casme2__sub22__EP01_12,casme2,classification,sub22,sub22,sub22,EP01_12,EP01_12,D:/揭榜挂帅专项赛数据集/数据集/心理/CASME2/Cropped/sub22/EP01_12,available,44,.jpg
casme2__sub22__EP13_08,casme2,classification,sub22,sub22,sub22,EP13_08,EP13_08,D:/揭榜挂帅专项赛数据集/数据集/心理/CASME2/Cropped/sub22/EP13_08,available,50,.jpg
casme2__sub23__EP02_01,casme2,classification,sub23,sub23,sub23,EP02_01,EP02_01,D:/揭榜挂帅专项赛数据集/数据集/心理/CASME2/Cropped/sub23/EP02_01,available,50,.jpg
casme2__sub23__EP03_14f,casme2,classification,sub23,sub23,sub23,EP03_14f,EP03_14f,D:/揭榜挂帅专项赛数据集/数据集/心理/CASME2/Cropped/sub23/EP03_14f,available,50,.jpg
casme2__sub23__EP04_03f,casme2,classification,sub23,sub23,sub23,EP04_03f,EP04_03f,D:/揭榜挂帅专项赛数据集/数据集/心理/CASME2/Cropped/sub23/EP04_03f,available,44,.jpg
casme2__sub23__EP05_24f,casme2,classification,sub23,sub23,sub23,EP05_24f,EP05_24f,D:/揭榜挂帅专项赛数据集/数据集/心理/CASME2/Cropped/sub23/EP05_24f,available,44,.jpg
casme2__sub23__EP05_25f,casme2,classification,sub23,sub23,sub23,EP05_25f,EP05_25f,D:/揭榜挂帅专项赛数据集/数据集/心理/CASME2/Cropped/sub23/EP05_25f,available,43,.jpg
casme2__sub23__EP12_02f,casme2,classification,sub23,sub23,sub23,EP12_02f,EP12_02f,D:/揭榜挂帅专项赛数据集/数据集/心理/CASME2/Cropped/sub23/EP12_02f,available,42,.jpg
casme2__sub23__EP12_03,casme2,classification,sub23,sub23,sub23,EP12_03,EP12_03,D:/揭榜挂帅专项赛数据集/数据集/心理/CASME2/Cropped/sub23/EP12_03,available,49,.jpg
casme2__sub23__EP13_04,casme2,classification,sub23,sub23,sub23,EP13_04,EP13_04,D:/揭榜挂帅专项赛数据集/数据集/心理/CASME2/Cropped/sub23/EP13_04,available,44,.jpg
casme2__sub24__EP01_08,casme2,classification,sub24,sub24,sub24,EP01_08,EP01_08,D:/揭榜挂帅专项赛数据集/数据集/心理/CASME2/Cropped/sub24/EP01_08,available,55,.jpg
casme2__sub24__EP02_02f,casme2,classification,sub24,sub24,sub24,EP02_02f,EP02_02f,D:/揭榜挂帅专项赛数据集/数据集/心理/CASME2/Cropped/sub24/EP02_02f,available,36,.jpg
casme2__sub24__EP18_03,casme2,classification,sub24,sub24,sub24,EP18_03,EP18_03,D:/揭榜挂帅专项赛数据集/数据集/心理/CASME2/Cropped/sub24/EP18_03,available,36,.jpg
casme2__sub25__EP09_02,casme2,classification,sub25,sub25,sub25,EP09_02,EP09_02,D:/揭榜挂帅专项赛数据集/数据集/心理/CASME2/Cropped/sub25/EP09_02,available,36,.jpg
casme2__sub25__EP10_01,casme2,classification,sub25,sub25,sub25,EP10_01,EP10_01,D:/揭榜挂帅专项赛数据集/数据集/心理/CASME2/Cropped/sub25/EP10_01,available,44,.jpg
casme2__sub25__EP10_10,casme2,classification,sub25,sub25,sub25,EP10_10,EP10_10,D:/揭榜挂帅专项赛数据集/数据集/心理/CASME2/Cropped/sub25/EP10_10,available,55,.jpg
casme2__sub25__EP12_01,casme2,classification,sub25,sub25,sub25,EP12_01,EP12_01,D:/揭榜挂帅专项赛数据集/数据集/心理/CASME2/Cropped/sub25/EP12_01,available,55,.jpg
casme2__sub25__EP18_04f,casme2,classification,sub25,sub25,sub25,EP18_04f,EP18_04f,D:/揭榜挂帅专项赛数据集/数据集/心理/CASME2/Cropped/sub25/EP18_04f,available,39,.jpg
casme2__sub26__EP03_10,casme2,classification,sub26,sub26,sub26,EP03_10,EP03_10,D:/揭榜挂帅专项赛数据集/数据集/心理/CASME2/Cropped/sub26/EP03_10,available,44,.jpg
casme2__sub26__EP09_04,casme2,classification,sub26,sub26,sub26,EP09_04,EP09_04,D:/揭榜挂帅专项赛数据集/数据集/心理/CASME2/Cropped/sub26/EP09_04,available,44,.jpg
casme2__sub26__EP09_09,casme2,classification,sub26,sub26,sub26,EP09_09,EP09_09,D:/揭榜挂帅专项赛数据集/数据集/心理/CASME2/Cropped/sub26/EP09_09,available,39,.jpg
casme2__sub26__EP13_02,casme2,classification,sub26,sub26,sub26,EP13_02,EP13_02,D:/揭榜挂帅专项赛数据集/数据集/心理/CASME2/Cropped/sub26/EP13_02,available,33,.jpg
casme2__sub26__EP13_11,casme2,classification,sub26,sub26,sub26,EP13_11,EP13_11,D:/揭榜挂帅专项赛数据集/数据集/心理/CASME2/Cropped/sub26/EP13_11,available,39,.jpg
casme2__sub26__EP16_01,casme2,classification,sub26,sub26,sub26,EP16_01,EP16_01,D:/揭榜挂帅专项赛数据集/数据集/心理/CASME2/Cropped/sub26/EP16_01,available,36,.jpg
casme2__sub26__EP18_44,casme2,classification,sub26,sub26,sub26,EP18_44,EP18_44,D:/揭榜挂帅专项赛数据集/数据集/心理/CASME2/Cropped/sub26/EP18_44,available,44,.jpg
casme2__sub26__EP18_47,casme2,classification,sub26,sub26,sub26,EP18_47,EP18_47,D:/揭榜挂帅专项赛数据集/数据集/心理/CASME2/Cropped/sub26/EP18_47,available,44,.jpg
casme2__sub26__EP18_49,casme2,classification,sub26,sub26,sub26,EP18_49,EP18_49,D:/揭榜挂帅专项赛数据集/数据集/心理/CASME2/Cropped/sub26/EP18_49,available,44,.jpg
casme2__sub26__EP18_50,casme2,classification,sub26,sub26,sub26,EP18_50,EP18_50,D:/揭榜挂帅专项赛数据集/数据集/心理/CASME2/Cropped/sub26/EP18_50,available,29,.jpg
casme2__sub26__EP18_51,casme2,classification,sub26,sub26,sub26,EP18_51,EP18_51,D:/揭榜挂帅专项赛数据集/数据集/心理/CASME2/Cropped/sub26/EP18_51,available,45,.jpg
smic_hs__s01__s1_ne_01,smic_hs,classification,s01,s01,s1,s01_ne_01,s1_ne_01,D:/揭榜挂帅专项赛数据集/数据集/心理/SMIC/SMIC_all_cropped/HS/s1/micro/negative/s1_ne_01,available,36,.bmp
smic_hs__s01__s1_ne_02,smic_hs,classification,s01,s01,s1,s01_ne_02,s1_ne_02,D:/揭榜挂帅专项赛数据集/数据集/心理/SMIC/SMIC_all_cropped/HS/s1/micro/negative/s1_ne_02,available,32,.bmp
smic_hs__s01__s1_ne_03,smic_hs,classification,s01,s01,s1,s01_ne_03,s1_ne_03,D:/揭榜挂帅专项赛数据集/数据集/心理/SMIC/SMIC_all_cropped/HS/s1/micro/negative/s1_ne_03,available,27,.bmp
smic_hs__s01__s1_po_01,smic_hs,classification,s01,s01,s1,s01_po_01,s1_po_01,D:/揭榜挂帅专项赛数据集/数据集/心理/SMIC/SMIC_all_cropped/HS/s1/micro/positive/s1_po_01,available,23,.bmp
smic_hs__s01__s1_po_02,smic_hs,classification,s01,s01,s1,s01_po_02,s1_po_02,D:/揭榜挂帅专项赛数据集/数据集/心理/SMIC/SMIC_all_cropped/HS/s1/micro/positive/s1_po_02,available,30,.bmp
smic_hs__s01__s1_sur_01,smic_hs,classification,s01,s01,s1,s01_sur_01,s1_sur_01,D:/揭榜挂帅专项赛数据集/数据集/心理/SMIC/SMIC_all_cropped/HS/s1/micro/surprise/s1_sur_01,available,33,.bmp
smic_hs__s01__s1_n1,smic_hs,spotting_negative,s01,s1,s1,s1_n1,s1_n1,D:/揭榜挂帅专项赛数据集/数据集/心理/SMIC/SMIC_all_cropped/HS/s1/non_micro/s1_n1,available,24,.bmp
smic_hs__s01__s1_n2,smic_hs,spotting_negative,s01,s1,s1,s1_n2,s1_n2,D:/揭榜挂帅专项赛数据集/数据集/心理/SMIC/SMIC_all_cropped/HS/s1/non_micro/s1_n2,available,15,.bmp
smic_hs__s01__s1_n3,smic_hs,spotting_negative,s01,s1,s1,s1_n3,s1_n3,D:/揭榜挂帅专项赛数据集/数据集/心理/SMIC/SMIC_all_cropped/HS/s1/non_micro/s1_n3,available,20,.bmp
smic_hs__s01__s1_n4,smic_hs,spotting_negative,s01,s1,s1,s1_n4,s1_n4,D:/揭榜挂帅专项赛数据集/数据集/心理/SMIC/SMIC_all_cropped/HS/s1/non_micro/s1_n4,available,24,.bmp
smic_hs__s01__s1_n5,smic_hs,spotting_negative,s01,s1,s1,s1_n5,s1_n5,D:/揭榜挂帅专项赛数据集/数据集/心理/SMIC/SMIC_all_cropped/HS/s1/non_micro/s1_n5,available,19,.bmp
smic_hs__s01__s1_n6,smic_hs,spotting_negative,s01,s1,s1,s1_n6,s1_n6,D:/揭榜挂帅专项赛数据集/数据集/心理/SMIC/SMIC_all_cropped/HS/s1/non_micro/s1_n6,available,18,.bmp
smic_hs__s02__s2_po_01,smic_hs,classification,s02,s02,s2,s02_po_01,s2_po_01,D:/揭榜挂帅专项赛数据集/数据集/心理/SMIC/SMIC_all_cropped/HS/s2/micro/positive/s2_po_01,available,29,.bmp
smic_hs__s02__s2_sur_01,smic_hs,classification,s02,s02,s2,s02_sur_01,s2_sur_01,D:/揭榜挂帅专项赛数据集/数据集/心理/SMIC/SMIC_all_cropped/HS/s2/micro/surprise/s2_sur_01,available,27,.bmp
smic_hs__s02__s2_sur_02,smic_hs,classification,s02,s02,s2,s02_sur_02,s2_sur_02,D:/揭榜挂帅专项赛数据集/数据集/心理/SMIC/SMIC_all_cropped/HS/s2/micro/surprise/s2_sur_02,available,35,.bmp
smic_hs__s02__s2_sur_03,smic_hs,classification,s02,s02,s2,s02_sur_03,s2_sur_03,D:/揭榜挂帅专项赛数据集/数据集/心理/SMIC/SMIC_all_cropped/HS/s2/micro/surprise/s2_sur_03,available,41,.bmp
smic_hs__s02__s2_sur_04,smic_hs,classification,s02,s02,s2,s02_sur_04,s2_sur_04,D:/揭榜挂帅专项赛数据集/数据集/心理/SMIC/SMIC_all_cropped/HS/s2/micro/surprise/s2_sur_04,available,35,.bmp
smic_hs__s02__s2_sur_05,smic_hs,classification,s02,s02,s2,s02_sur_05,s2_sur_05,D:/揭榜挂帅专项赛数据集/数据集/心理/SMIC/SMIC_all_cropped/HS/s2/micro/surprise/s2_sur_05,available,30,.bmp
smic_hs__s02__s2_n1,smic_hs,spotting_negative,s02,s2,s2,s2_n1,s2_n1,D:/揭榜挂帅专项赛数据集/数据集/心理/SMIC/SMIC_all_cropped/HS/s2/non_micro/s2_n1,available,31,.bmp
smic_hs__s02__s2_n2,smic_hs,spotting_negative,s02,s2,s2,s2_n2,s2_n2,D:/揭榜挂帅专项赛数据集/数据集/心理/SMIC/SMIC_all_cropped/HS/s2/non_micro/s2_n2,available,26,.bmp
smic_hs__s02__s2_n3,smic_hs,spotting_negative,s02,s2,s2,s2_n3,s2_n3,D:/揭榜挂帅专项赛数据集/数据集/心理/SMIC/SMIC_all_cropped/HS/s2/non_micro/s2_n3,available,26,.bmp
smic_hs__s02__s2_n4,smic_hs,spotting_negative,s02,s2,s2,s2_n4,s2_n4,D:/揭榜挂帅专项赛数据集/数据集/心理/SMIC/SMIC_all_cropped/HS/s2/non_micro/s2_n4,available,26,.bmp
smic_hs__s02__s2_n5,smic_hs,spotting_negative,s02,s2,s2,s2_n5,s2_n5,D:/揭榜挂帅专项赛数据集/数据集/心理/SMIC/SMIC_all_cropped/HS/s2/non_micro/s2_n5,available,29,.bmp
smic_hs__s02__s2_n6,smic_hs,spotting_negative,s02,s2,s2,s2_n6,s2_n6,D:/揭榜挂帅专项赛数据集/数据集/心理/SMIC/SMIC_all_cropped/HS/s2/non_micro/s2_n6,available,26,.bmp
smic_hs__s03__s3_ne_01,smic_hs,classification,s03,s03,s3,s03_ne_01,s3_ne_01,D:/揭榜挂帅专项赛数据集/数据集/心理/SMIC/SMIC_all_cropped/HS/s3/micro/negative/s3_ne_01,available,26,.bmp
smic_hs__s03__s3_ne_02,smic_hs,classification,s03,s03,s3,s03_ne_02,s3_ne_02,D:/揭榜挂帅专项赛数据集/数据集/心理/SMIC/SMIC_all_cropped/HS/s3/micro/negative/s3_ne_02,available,27,.bmp
smic_hs__s03__s3_ne_03,smic_hs,classification,s03,s03,s3,s03_ne_03,s3_ne_03,D:/揭榜挂帅专项赛数据集/数据集/心理/SMIC/SMIC_all_cropped/HS/s3/micro/negative/s3_ne_03,available,11,.bmp
smic_hs__s03__s3_ne_04,smic_hs,classification,s03,s03,s3,s03_ne_04,s3_ne_04,D:/揭榜挂帅专项赛数据集/数据集/心理/SMIC/SMIC_all_cropped/HS/s3/micro/negative/s3_ne_04,available,21,.bmp
smic_hs__s03__s3_ne_05,smic_hs,classification,s03,s03,s3,s03_ne_05,s3_ne_05,D:/揭榜挂帅专项赛数据集/数据集/心理/SMIC/SMIC_all_cropped/HS/s3/micro/negative/s3_ne_05,available,26,.bmp
smic_hs__s03__s3_ne_06,smic_hs,classification,s03,s03,s3,s03_ne_06,s3_ne_06,D:/揭榜挂帅专项赛数据集/数据集/心理/SMIC/SMIC_all_cropped/HS/s3/micro/negative/s3_ne_06,available,42,.bmp
smic_hs__s03__s3_ne_07,smic_hs,classification,s03,s03,s3,s03_ne_07,s3_ne_07,D:/揭榜挂帅专项赛数据集/数据集/心理/SMIC/SMIC_all_cropped/HS/s3/micro/negative/s3_ne_07,available,31,.bmp
smic_hs__s03__s3_ne_08,smic_hs,classification,s03,s03,s3,s03_ne_08,s3_ne_08,D:/揭榜挂帅专项赛数据集/数据集/心理/SMIC/SMIC_all_cropped/HS/s3/micro/negative/s3_ne_08,available,41,.bmp
smic_hs__s03__s3_ne_09,smic_hs,classification,s03,s03,s3,s03_ne_09,s3_ne_09,D:/揭榜挂帅专项赛数据集/数据集/心理/SMIC/SMIC_all_cropped/HS/s3/micro/negative/s3_ne_09,available,21,.bmp
smic_hs__s03__s3_ne_10,smic_hs,classification,s03,s03,s3,s03_ne_10,s3_ne_10,D:/揭榜挂帅专项赛数据集/数据集/心理/SMIC/SMIC_all_cropped/HS/s3/micro/negative/s3_ne_10,available,31,.bmp
smic_hs__s03__s3_ne_11,smic_hs,classification,s03,s03,s3,s03_ne_11,s3_ne_11,D:/揭榜挂帅专项赛数据集/数据集/心理/SMIC/SMIC_all_cropped/HS/s3/micro/negative/s3_ne_11,available,26,.bmp
smic_hs__s03__s3_ne_12,smic_hs,classification,s03,s03,s3,s03_ne_12,s3_ne_12,D:/揭榜挂帅专项赛数据集/数据集/心理/SMIC/SMIC_all_cropped/HS/s3/micro/negative/s3_ne_12,available,23,.bmp
smic_hs__s03__s3_ne_13,smic_hs,classification,s03,s03,s3,s03_ne_13,s3_ne_13,D:/揭榜挂帅专项赛数据集/数据集/心理/SMIC/SMIC_all_cropped/HS/s3/micro/negative/s3_ne_13,available,31,.bmp
smic_hs__s03__s3_ne_14,smic_hs,classification,s03,s03,s3,s03_ne_14,s3_ne_14,D:/揭榜挂帅专项赛数据集/数据集/心理/SMIC/SMIC_all_cropped/HS/s3/micro/negative/s3_ne_14,available,30,.bmp
smic_hs__s03__s3_ne_15,smic_hs,classification,s03,s03,s3,s03_ne_15,s3_ne_15,D:/揭榜挂帅专项赛数据集/数据集/心理/SMIC/SMIC_all_cropped/HS/s3/micro/negative/s3_ne_15,available,35,.bmp
smic_hs__s03__s3_ne_16,smic_hs,classification,s03,s03,s3,s03_ne_16,s3_ne_16,D:/揭榜挂帅专项赛数据集/数据集/心理/SMIC/SMIC_all_cropped/HS/s3/micro/negative/s3_ne_16,available,17,.bmp
smic_hs__s03__s3_ne_17,smic_hs,classification,s03,s03,s3,s03_ne_17,s3_ne_17,D:/揭榜挂帅专项赛数据集/数据集/心理/SMIC/SMIC_all_cropped/HS/s3/micro/negative/s3_ne_17,available,34,.bmp
smic_hs__s03__s3_ne_18,smic_hs,classification,s03,s03,s3,s03_ne_18,s3_ne_18,D:/揭榜挂帅专项赛数据集/数据集/心理/SMIC/SMIC_all_cropped/HS/s3/micro/negative/s3_ne_18,available,40,.bmp
smic_hs__s03__s3_ne_19,smic_hs,classification,s03,s03,s3,s03_ne_19,s3_ne_19,D:/揭榜挂帅专项赛数据集/数据集/心理/SMIC/SMIC_all_cropped/HS/s3/micro/negative/s3_ne_19,available,40,.bmp
smic_hs__s03__s3_ne_20,smic_hs,classification,s03,s03,s3,s03_ne_20,s3_ne_20,D:/揭榜挂帅专项赛数据集/数据集/心理/SMIC/SMIC_all_cropped/HS/s3/micro/negative/s3_ne_20,available,31,.bmp
smic_hs__s03__s3_ne_21,smic_hs,classification,s03,s03,s3,s03_ne_21,s3_ne_21,D:/揭榜挂帅专项赛数据集/数据集/心理/SMIC/SMIC_all_cropped/HS/s3/micro/negative/s3_ne_21,available,20,.bmp
smic_hs__s03__s3_ne_22,smic_hs,classification,s03,s03,s3,s03_ne_22,s3_ne_22,D:/揭榜挂帅专项赛数据集/数据集/心理/SMIC/SMIC_all_cropped/HS/s3/micro/negative/s3_ne_22,available,23,.bmp
smic_hs__s03__s3_po_01,smic_hs,classification,s03,s03,s3,s03_po_01,s3_po_01,D:/揭榜挂帅专项赛数据集/数据集/心理/SMIC/SMIC_all_cropped/HS/s3/micro/positive/s3_po_01,available,26,.bmp
smic_hs__s03__s3_po_02,smic_hs,classification,s03,s03,s3,s03_po_02,s3_po_02,D:/揭榜挂帅专项赛数据集/数据集/心理/SMIC/SMIC_all_cropped/HS/s3/micro/positive/s3_po_02,available,34,.bmp
smic_hs__s03__s3_po_03,smic_hs,classification,s03,s03,s3,s03_po_03,s3_po_03,D:/揭榜挂帅专项赛数据集/数据集/心理/SMIC/SMIC_all_cropped/HS/s3/micro/positive/s3_po_03,available,19,.bmp
smic_hs__s03__s3_po_04,smic_hs,classification,s03,s03,s3,s03_po_04,s3_po_04,D:/揭榜挂帅专项赛数据集/数据集/心理/SMIC/SMIC_all_cropped/HS/s3/micro/positive/s3_po_04,available,26,.bmp
smic_hs__s03__s3_po_05,smic_hs,classification,s03,s03,s3,s03_po_05,s3_po_05,D:/揭榜挂帅专项赛数据集/数据集/心理/SMIC/SMIC_all_cropped/HS/s3/micro/positive/s3_po_05,available,31,.bmp
smic_hs__s03__s3_po_06,smic_hs,classification,s03,s03,s3,s03_po_06,s3_po_06,D:/揭榜挂帅专项赛数据集/数据集/心理/SMIC/SMIC_all_cropped/HS/s3/micro/positive/s3_po_06,available,26,.bmp
smic_hs__s03__s3_po_07,smic_hs,classification,s03,s03,s3,s03_po_07,s3_po_07,D:/揭榜挂帅专项赛数据集/数据集/心理/SMIC/SMIC_all_cropped/HS/s3/micro/positive/s3_po_07,available,39,.bmp
smic_hs__s03__s3_po_08,smic_hs,classification,s03,s03,s3,s03_po_08,s3_po_08,D:/揭榜挂帅专项赛数据集/数据集/心理/SMIC/SMIC_all_cropped/HS/s3/micro/positive/s3_po_08,available,30,.bmp
smic_hs__s03__s3_po_09,smic_hs,classification,s03,s03,s3,s03_po_09,s3_po_09,D:/揭榜挂帅专项赛数据集/数据集/心理/SMIC/SMIC_all_cropped/HS/s3/micro/positive/s3_po_09,available,38,.bmp
smic_hs__s03__s3_po_10,smic_hs,classification,s03,s03,s3,s03_po_10,s3_po_10,D:/揭榜挂帅专项赛数据集/数据集/心理/SMIC/SMIC_all_cropped/HS/s3/micro/positive/s3_po_10,available,23,.bmp
smic_hs__s03__s3_po_11,smic_hs,classification,s03,s03,s3,s03_po_11,s3_po_11,D:/揭榜挂帅专项赛数据集/数据集/心理/SMIC/SMIC_all_cropped/HS/s3/micro/positive/s3_po_11,available,16,.bmp
smic_hs__s03__s3_sur_01,smic_hs,classification,s03,s03,s3,s03_sur_01,s3_sur_01,D:/揭榜挂帅专项赛数据集/数据集/心理/SMIC/SMIC_all_cropped/HS/s3/micro/surprise/s3_sur_01,available,30,.bmp
smic_hs__s03__s3_sur_02,smic_hs,classification,s03,s03,s3,s03_sur_02,s3_sur_02,D:/揭榜挂帅专项赛数据集/数据集/心理/SMIC/SMIC_all_cropped/HS/s3/micro/surprise/s3_sur_02,available,20,.bmp
smic_hs__s03__s3_sur_03,smic_hs,classification,s03,s03,s3,s03_sur_03,s3_sur_03,D:/揭榜挂帅专项赛数据集/数据集/心理/SMIC/SMIC_all_cropped/HS/s3/micro/surprise/s3_sur_03,available,21,.bmp
smic_hs__s03__s3_sur_04,smic_hs,classification,s03,s03,s3,s03_sur_04,s3_sur_04,D:/揭榜挂帅专项赛数据集/数据集/心理/SMIC/SMIC_all_cropped/HS/s3/micro/surprise/s3_sur_04,available,40,.bmp
smic_hs__s03__s3_sur_05,smic_hs,classification,s03,s03,s3,s03_sur_05,s3_sur_05,D:/揭榜挂帅专项赛数据集/数据集/心理/SMIC/SMIC_all_cropped/HS/s3/micro/surprise/s3_sur_05,available,27,.bmp
smic_hs__s03__s3_sur_06,smic_hs,classification,s03,s03,s3,s03_sur_06,s3_sur_06,D:/揭榜挂帅专项赛数据集/数据集/心理/SMIC/SMIC_all_cropped/HS/s3/micro/surprise/s3_sur_06,available,21,.bmp
smic_hs__s03__s3_n1,smic_hs,spotting_negative,s03,s3,s3,s3_n1,s3_n1,D:/揭榜挂帅专项赛数据集/数据集/心理/SMIC/SMIC_all_cropped/HS/s3/non_micro/s3_n1,available,26,.bmp
smic_hs__s03__s3_n10,smic_hs,spotting_negative,s03,s3,s3,s3_n10,s3_n10,D:/揭榜挂帅专项赛数据集/数据集/心理/SMIC/SMIC_all_cropped/HS/s3/non_micro/s3_n10,available,26,.bmp
smic_hs__s03__s3_n11,smic_hs,spotting_negative,s03,s3,s3,s3_n11,s3_n11,D:/揭榜挂帅专项赛数据集/数据集/心理/SMIC/SMIC_all_cropped/HS/s3/non_micro/s3_n11,available,28,.bmp
smic_hs__s03__s3_n12,smic_hs,spotting_negative,s03,s3,s3,s3_n12,s3_n12,D:/揭榜挂帅专项赛数据集/数据集/心理/SMIC/SMIC_all_cropped/HS/s3/non_micro/s3_n12,available,21,.bmp
smic_hs__s03__s3_n13,smic_hs,spotting_negative,s03,s3,s3,s3_n13,s3_n13,D:/揭榜挂帅专项赛数据集/数据集/心理/SMIC/SMIC_all_cropped/HS/s3/non_micro/s3_n13,available,26,.bmp
smic_hs__s03__s3_n14,smic_hs,spotting_negative,s03,s3,s3,s3_n14,s3_n14,D:/揭榜挂帅专项赛数据集/数据集/心理/SMIC/SMIC_all_cropped/HS/s3/non_micro/s3_n14,available,24,.bmp
smic_hs__s03__s3_n15,smic_hs,spotting_negative,s03,s3,s3,s3_n15,s3_n15,D:/揭榜挂帅专项赛数据集/数据集/心理/SMIC/SMIC_all_cropped/HS/s3/non_micro/s3_n15,available,25,.bmp
smic_hs__s03__s3_n16,smic_hs,spotting_negative,s03,s3,s3,s3_n16,s3_n16,D:/揭榜挂帅专项赛数据集/数据集/心理/SMIC/SMIC_all_cropped/HS/s3/non_micro/s3_n16,available,26,.bmp
smic_hs__s03__s3_n17,smic_hs,spotting_negative,s03,s3,s3,s3_n17,s3_n17,D:/揭榜挂帅专项赛数据集/数据集/心理/SMIC/SMIC_all_cropped/HS/s3/non_micro/s3_n17,available,26,.bmp
smic_hs__s03__s3_n18,smic_hs,spotting_negative,s03,s3,s3,s3_n18,s3_n18,D:/揭榜挂帅专项赛数据集/数据集/心理/SMIC/SMIC_all_cropped/HS/s3/non_micro/s3_n18,available,23,.bmp
smic_hs__s03__s3_n19,smic_hs,spotting_negative,s03,s3,s3,s3_n19,s3_n19,D:/揭榜挂帅专项赛数据集/数据集/心理/SMIC/SMIC_all_cropped/HS/s3/non_micro/s3_n19,available,21,.bmp
smic_hs__s03__s3_n2,smic_hs,spotting_negative,s03,s3,s3,s3_n2,s3_n2,D:/揭榜挂帅专项赛数据集/数据集/心理/SMIC/SMIC_all_cropped/HS/s3/non_micro/s3_n2,available,27,.bmp
smic_hs__s03__s3_n20,smic_hs,spotting_negative,s03,s3,s3,s3_n20,s3_n20,D:/揭榜挂帅专项赛数据集/数据集/心理/SMIC/SMIC_all_cropped/HS/s3/non_micro/s3_n20,available,20,.bmp
smic_hs__s03__s3_n21,smic_hs,spotting_negative,s03,s3,s3,s3_n21,s3_n21,D:/揭榜挂帅专项赛数据集/数据集/心理/SMIC/SMIC_all_cropped/HS/s3/non_micro/s3_n21,available,22,.bmp
smic_hs__s03__s3_n22,smic_hs,spotting_negative,s03,s3,s3,s3_n22,s3_n22,D:/揭榜挂帅专项赛数据集/数据集/心理/SMIC/SMIC_all_cropped/HS/s3/non_micro/s3_n22,available,14,.bmp
smic_hs__s03__s3_n23,smic_hs,spotting_negative,s03,s3,s3,s3_n23,s3_n23,D:/揭榜挂帅专项赛数据集/数据集/心理/SMIC/SMIC_all_cropped/HS/s3/non_micro/s3_n23,available,24,.bmp
smic_hs__s03__s3_n24,smic_hs,spotting_negative,s03,s3,s3,s3_n24,s3_n24,D:/揭榜挂帅专项赛数据集/数据集/心理/SMIC/SMIC_all_cropped/HS/s3/non_micro/s3_n24,available,40,.bmp
smic_hs__s03__s3_n25,smic_hs,spotting_negative,s03,s3,s3,s3_n25,s3_n25,D:/揭榜挂帅专项赛数据集/数据集/心理/SMIC/SMIC_all_cropped/HS/s3/non_micro/s3_n25,available,18,.bmp
smic_hs__s03__s3_n26,smic_hs,spotting_negative,s03,s3,s3,s3_n26,s3_n26,D:/揭榜挂帅专项赛数据集/数据集/心理/SMIC/SMIC_all_cropped/HS/s3/non_micro/s3_n26,available,20,.bmp
smic_hs__s03__s3_n27,smic_hs,spotting_negative,s03,s3,s3,s3_n27,s3_n27,D:/揭榜挂帅专项赛数据集/数据集/心理/SMIC/SMIC_all_cropped/HS/s3/non_micro/s3_n27,available,26,.bmp
smic_hs__s03__s3_n28,smic_hs,spotting_negative,s03,s3,s3,s3_n28,s3_n28,D:/揭榜挂帅专项赛数据集/数据集/心理/SMIC/SMIC_all_cropped/HS/s3/non_micro/s3_n28,available,21,.bmp
smic_hs__s03__s3_n29,smic_hs,spotting_negative,s03,s3,s3,s3_n29,s3_n29,D:/揭榜挂帅专项赛数据集/数据集/心理/SMIC/SMIC_all_cropped/HS/s3/non_micro/s3_n29,available,24,.bmp
smic_hs__s03__s3_n3,smic_hs,spotting_negative,s03,s3,s3,s3_n3,s3_n3,D:/揭榜挂帅专项赛数据集/数据集/心理/SMIC/SMIC_all_cropped/HS/s3/non_micro/s3_n3,available,27,.bmp
smic_hs__s03__s3_n30,smic_hs,spotting_negative,s03,s3,s3,s3_n30,s3_n30,D:/揭榜挂帅专项赛数据集/数据集/心理/SMIC/SMIC_all_cropped/HS/s3/non_micro/s3_n30,available,19,.bmp
smic_hs__s03__s3_n31,smic_hs,spotting_negative,s03,s3,s3,s3_n31,s3_n31,D:/揭榜挂帅专项赛数据集/数据集/心理/SMIC/SMIC_all_cropped/HS/s3/non_micro/s3_n31,available,18,.bmp
smic_hs__s03__s3_n32,smic_hs,spotting_negative,s03,s3,s3,s3_n32,s3_n32,D:/揭榜挂帅专项赛数据集/数据集/心理/SMIC/SMIC_all_cropped/HS/s3/non_micro/s3_n32,available,22,.bmp
smic_hs__s03__s3_n33,smic_hs,spotting_negative,s03,s3,s3,s3_n33,s3_n33,D:/揭榜挂帅专项赛数据集/数据集/心理/SMIC/SMIC_all_cropped/HS/s3/non_micro/s3_n33,available,25,.bmp
smic_hs__s03__s3_n34,smic_hs,spotting_negative,s03,s3,s3,s3_n34,s3_n34,D:/揭榜挂帅专项赛数据集/数据集/心理/SMIC/SMIC_all_cropped/HS/s3/non_micro/s3_n34,available,28,.bmp
smic_hs__s03__s3_n35,smic_hs,spotting_negative,s03,s3,s3,s3_n35,s3_n35,D:/揭榜挂帅专项赛数据集/数据集/心理/SMIC/SMIC_all_cropped/HS/s3/non_micro/s3_n35,available,20,.bmp
smic_hs__s03__s3_n36,smic_hs,spotting_negative,s03,s3,s3,s3_n36,s3_n36,D:/揭榜挂帅专项赛数据集/数据集/心理/SMIC/SMIC_all_cropped/HS/s3/non_micro/s3_n36,available,29,.bmp
smic_hs__s03__s3_n37,smic_hs,spotting_negative,s03,s3,s3,s3_n37,s3_n37,D:/揭榜挂帅专项赛数据集/数据集/心理/SMIC/SMIC_all_cropped/HS/s3/non_micro/s3_n37,available,18,.bmp
smic_hs__s03__s3_n38,smic_hs,spotting_negative,s03,s3,s3,s3_n38,s3_n38,D:/揭榜挂帅专项赛数据集/数据集/心理/SMIC/SMIC_all_cropped/HS/s3/non_micro/s3_n38,available,36,.bmp
smic_hs__s03__s3_n39,smic_hs,spotting_negative,s03,s3,s3,s3_n39,s3_n39,D:/揭榜挂帅专项赛数据集/数据集/心理/SMIC/SMIC_all_cropped/HS/s3/non_micro/s3_n39,available,30,.bmp
smic_hs__s03__s3_n4,smic_hs,spotting_negative,s03,s3,s3,s3_n4,s3_n4,D:/揭榜挂帅专项赛数据集/数据集/心理/SMIC/SMIC_all_cropped/HS/s3/non_micro/s3_n4,available,23,.bmp
smic_hs__s03__s3_n5,smic_hs,spotting_negative,s03,s3,s3,s3_n5,s3_n5,D:/揭榜挂帅专项赛数据集/数据集/心理/SMIC/SMIC_all_cropped/HS/s3/non_micro/s3_n5,available,26,.bmp
smic_hs__s03__s3_n6,smic_hs,spotting_negative,s03,s3,s3,s3_n6,s3_n6,D:/揭榜挂帅专项赛数据集/数据集/心理/SMIC/SMIC_all_cropped/HS/s3/non_micro/s3_n6,available,26,.bmp
smic_hs__s03__s3_n7,smic_hs,spotting_negative,s03,s3,s3,s3_n7,s3_n7,D:/揭榜挂帅专项赛数据集/数据集/心理/SMIC/SMIC_all_cropped/HS/s3/non_micro/s3_n7,available,25,.bmp
smic_hs__s03__s3_n8,smic_hs,spotting_negative,s03,s3,s3,s3_n8,s3_n8,D:/揭榜挂帅专项赛数据集/数据集/心理/SMIC/SMIC_all_cropped/HS/s3/non_micro/s3_n8,available,27,.bmp
smic_hs__s03__s3_n9,smic_hs,spotting_negative,s03,s3,s3,s3_n9,s3_n9,D:/揭榜挂帅专项赛数据集/数据集/心理/SMIC/SMIC_all_cropped/HS/s3/non_micro/s3_n9,available,26,.bmp
smic_hs__s04__s4_ne_01,smic_hs,classification,s04,s04,s4,s04_ne_01,s4_ne_01,D:/揭榜挂帅专项赛数据集/数据集/心理/SMIC/SMIC_all_cropped/HS/s4/micro/negative/s4_ne_01,available,31,.bmp
smic_hs__s04__s4_ne_02,smic_hs,classification,s04,s04,s4,s04_ne_02,s4_ne_02,D:/揭榜挂帅专项赛数据集/数据集/心理/SMIC/SMIC_all_cropped/HS/s4/micro/negative/s4_ne_02,available,24,.bmp
smic_hs__s04__s4_ne_03,smic_hs,classification,s04,s04,s4,s04_ne_03,s4_ne_03,D:/揭榜挂帅专项赛数据集/数据集/心理/SMIC/SMIC_all_cropped/HS/s4/micro/negative/s4_ne_03,available,24,.bmp
smic_hs__s04__s4_ne_04,smic_hs,classification,s04,s04,s4,s04_ne_04,s4_ne_04,D:/揭榜挂帅专项赛数据集/数据集/心理/SMIC/SMIC_all_cropped/HS/s4/micro/negative/s4_ne_04,available,32,.bmp
smic_hs__s04__s4_ne_05,smic_hs,classification,s04,s04,s4,s04_ne_05,s4_ne_05,D:/揭榜挂帅专项赛数据集/数据集/心理/SMIC/SMIC_all_cropped/HS/s4/micro/negative/s4_ne_05,available,19,.bmp
smic_hs__s04__s4_ne_06,smic_hs,classification,s04,s04,s4,s04_ne_06,s4_ne_06,D:/揭榜挂帅专项赛数据集/数据集/心理/SMIC/SMIC_all_cropped/HS/s4/micro/negative/s4_ne_06,available,23,.bmp
smic_hs__s04__s4_ne_07,smic_hs,classification,s04,s04,s4,s04_ne_07,s4_ne_07,D:/揭榜挂帅专项赛数据集/数据集/心理/SMIC/SMIC_all_cropped/HS/s4/micro/negative/s4_ne_07,available,27,.bmp
smic_hs__s04__s4_ne_08,smic_hs,classification,s04,s04,s4,s04_ne_08,s4_ne_08,D:/揭榜挂帅专项赛数据集/数据集/心理/SMIC/SMIC_all_cropped/HS/s4/micro/negative/s4_ne_08,available,25,.bmp
smic_hs__s04__s4_ne_09,smic_hs,classification,s04,s04,s4,s04_ne_09,s4_ne_09,D:/揭榜挂帅专项赛数据集/数据集/心理/SMIC/SMIC_all_cropped/HS/s4/micro/negative/s4_ne_09,available,29,.bmp
smic_hs__s04__s4_ne_10,smic_hs,classification,s04,s04,s4,s04_ne_10,s4_ne_10,D:/揭榜挂帅专项赛数据集/数据集/心理/SMIC/SMIC_all_cropped/HS/s4/micro/negative/s4_ne_10,available,34,.bmp
smic_hs__s04__s4_po_01,smic_hs,classification,s04,s04,s4,s04_po_01,s4_po_01,D:/揭榜挂帅专项赛数据集/数据集/心理/SMIC/SMIC_all_cropped/HS/s4/micro/positive/s4_po_01,available,32,.bmp
smic_hs__s04__s4_po_02,smic_hs,classification,s04,s04,s4,s04_po_02,s4_po_02,D:/揭榜挂帅专项赛数据集/数据集/心理/SMIC/SMIC_all_cropped/HS/s4/micro/positive/s4_po_02,available,20,.bmp
smic_hs__s04__s4_po_03,smic_hs,classification,s04,s04,s4,s04_po_03,s4_po_03,D:/揭榜挂帅专项赛数据集/数据集/心理/SMIC/SMIC_all_cropped/HS/s4/micro/positive/s4_po_03,available,36,.bmp
smic_hs__s04__s4_po_04,smic_hs,classification,s04,s04,s4,s04_po_04,s4_po_04,D:/揭榜挂帅专项赛数据集/数据集/心理/SMIC/SMIC_all_cropped/HS/s4/micro/positive/s4_po_04,available,29,.bmp
smic_hs__s04__s4_sur_01,smic_hs,classification,s04,s04,s4,s04_sur_01,s4_sur_01,D:/揭榜挂帅专项赛数据集/数据集/心理/SMIC/SMIC_all_cropped/HS/s4/micro/surprise/s4_sur_01,available,44,.bmp
smic_hs__s04__s4_sur_02,smic_hs,classification,s04,s04,s4,s04_sur_02,s4_sur_02,D:/揭榜挂帅专项赛数据集/数据集/心理/SMIC/SMIC_all_cropped/HS/s4/micro/surprise/s4_sur_02,available,33,.bmp
smic_hs__s04__s4_sur_03,smic_hs,classification,s04,s04,s4,s04_sur_03,s4_sur_03,D:/揭榜挂帅专项赛数据集/数据集/心理/SMIC/SMIC_all_cropped/HS/s4/micro/surprise/s4_sur_03,available,24,.bmp
smic_hs__s04__s4_sur_04,smic_hs,classification,s04,s04,s4,s04_sur_04,s4_sur_04,D:/揭榜挂帅专项赛数据集/数据集/心理/SMIC/SMIC_all_cropped/HS/s4/micro/surprise/s4_sur_04,available,20,.bmp
smic_hs__s04__s4_sur_05,smic_hs,classification,s04,s04,s4,s04_sur_05,s4_sur_05,D:/揭榜挂帅专项赛数据集/数据集/心理/SMIC/SMIC_all_cropped/HS/s4/micro/surprise/s4_sur_05,available,25,.bmp
smic_hs__s04__s4_n1,smic_hs,spotting_negative,s04,s4,s4,s4_n1,s4_n1,D:/揭榜挂帅专项赛数据集/数据集/心理/SMIC/SMIC_all_cropped/HS/s4/non_micro/s4_n1,available,30,.bmp
smic_hs__s04__s4_n10,smic_hs,spotting_negative,s04,s4,s4,s4_n10,s4_n10,D:/揭榜挂帅专项赛数据集/数据集/心理/SMIC/SMIC_all_cropped/HS/s4/non_micro/s4_n10,available,21,.bmp
smic_hs__s04__s4_n11,smic_hs,spotting_negative,s04,s4,s4,s4_n11,s4_n11,D:/揭榜挂帅专项赛数据集/数据集/心理/SMIC/SMIC_all_cropped/HS/s4/non_micro/s4_n11,available,29,.bmp
smic_hs__s04__s4_n12,smic_hs,spotting_negative,s04,s4,s4,s4_n12,s4_n12,D:/揭榜挂帅专项赛数据集/数据集/心理/SMIC/SMIC_all_cropped/HS/s4/non_micro/s4_n12,available,28,.bmp
smic_hs__s04__s4_n13,smic_hs,spotting_negative,s04,s4,s4,s4_n13,s4_n13,D:/揭榜挂帅专项赛数据集/数据集/心理/SMIC/SMIC_all_cropped/HS/s4/non_micro/s4_n13,available,28,.bmp
smic_hs__s04__s4_n14,smic_hs,spotting_negative,s04,s4,s4,s4_n14,s4_n14,D:/揭榜挂帅专项赛数据集/数据集/心理/SMIC/SMIC_all_cropped/HS/s4/non_micro/s4_n14,available,20,.bmp
smic_hs__s04__s4_n15,smic_hs,spotting_negative,s04,s4,s4,s4_n15,s4_n15,D:/揭榜挂帅专项赛数据集/数据集/心理/SMIC/SMIC_all_cropped/HS/s4/non_micro/s4_n15,available,29,.bmp
smic_hs__s04__s4_n16,smic_hs,spotting_negative,s04,s4,s4,s4_n16,s4_n16,D:/揭榜挂帅专项赛数据集/数据集/心理/SMIC/SMIC_all_cropped/HS/s4/non_micro/s4_n16,available,21,.bmp
smic_hs__s04__s4_n17,smic_hs,spotting_negative,s04,s4,s4,s4_n17,s4_n17,D:/揭榜挂帅专项赛数据集/数据集/心理/SMIC/SMIC_all_cropped/HS/s4/non_micro/s4_n17,available,20,.bmp
smic_hs__s04__s4_n18,smic_hs,spotting_negative,s04,s4,s4,s4_n18,s4_n18,D:/揭榜挂帅专项赛数据集/数据集/心理/SMIC/SMIC_all_cropped/HS/s4/non_micro/s4_n18,available,34,.bmp
smic_hs__s04__s4_n19,smic_hs,spotting_negative,s04,s4,s4,s4_n19,s4_n19,D:/揭榜挂帅专项赛数据集/数据集/心理/SMIC/SMIC_all_cropped/HS/s4/non_micro/s4_n19,available,34,.bmp
smic_hs__s04__s4_n2,smic_hs,spotting_negative,s04,s4,s4,s4_n2,s4_n2,D:/揭榜挂帅专项赛数据集/数据集/心理/SMIC/SMIC_all_cropped/HS/s4/non_micro/s4_n2,available,30,.bmp
smic_hs__s04__s4_n3,smic_hs,spotting_negative,s04,s4,s4,s4_n3,s4_n3,D:/揭榜挂帅专项赛数据集/数据集/心理/SMIC/SMIC_all_cropped/HS/s4/non_micro/s4_n3,available,21,.bmp
smic_hs__s04__s4_n4,smic_hs,spotting_negative,s04,s4,s4,s4_n4,s4_n4,D:/揭榜挂帅专项赛数据集/数据集/心理/SMIC/SMIC_all_cropped/HS/s4/non_micro/s4_n4,available,16,.bmp
smic_hs__s04__s4_n5,smic_hs,spotting_negative,s04,s4,s4,s4_n5,s4_n5,D:/揭榜挂帅专项赛数据集/数据集/心理/SMIC/SMIC_all_cropped/HS/s4/non_micro/s4_n5,available,21,.bmp
smic_hs__s04__s4_n6,smic_hs,spotting_negative,s04,s4,s4,s4_n6,s4_n6,D:/揭榜挂帅专项赛数据集/数据集/心理/SMIC/SMIC_all_cropped/HS/s4/non_micro/s4_n6,available,24,.bmp
smic_hs__s04__s4_n7,smic_hs,spotting_negative,s04,s4,s4,s4_n7,s4_n7,D:/揭榜挂帅专项赛数据集/数据集/心理/SMIC/SMIC_all_cropped/HS/s4/non_micro/s4_n7,available,21,.bmp
smic_hs__s04__s4_n8,smic_hs,spotting_negative,s04,s4,s4,s4_n8,s4_n8,D:/揭榜挂帅专项赛数据集/数据集/心理/SMIC/SMIC_all_cropped/HS/s4/non_micro/s4_n8,available,21,.bmp
smic_hs__s04__s4_n9,smic_hs,spotting_negative,s04,s4,s4,s4_n9,s4_n9,D:/揭榜挂帅专项赛数据集/数据集/心理/SMIC/SMIC_all_cropped/HS/s4/non_micro/s4_n9,available,20,.bmp
smic_hs__s05__s5_ne_01,smic_hs,classification,s05,s05,s5,s05_ne_01,s5_ne_01,D:/揭榜挂帅专项赛数据集/数据集/心理/SMIC/SMIC_all_cropped/HS/s5/micro/negative/s5_ne_01,available,30,.bmp
smic_hs__s05__s5_sur_01,smic_hs,classification,s05,s05,s5,s05_sur_01,s5_sur_01,D:/揭榜挂帅专项赛数据集/数据集/心理/SMIC/SMIC_all_cropped/HS/s5/micro/surprise/s5_sur_01,available,43,.bmp
smic_hs__s05__s5_n1,smic_hs,spotting_negative,s05,s5,s5,s5_n1,s5_n1,D:/揭榜挂帅专项赛数据集/数据集/心理/SMIC/SMIC_all_cropped/HS/s5/non_micro/s5_n1,available,34,.bmp
smic_hs__s05__s5_n2,smic_hs,spotting_negative,s05,s5,s5,s5_n2,s5_n2,D:/揭榜挂帅专项赛数据集/数据集/心理/SMIC/SMIC_all_cropped/HS/s5/non_micro/s5_n2,available,15,.bmp
smic_hs__s06__s6_ne_01,smic_hs,classification,s06,s06,s6,s06_ne_01,s6_ne_01,D:/揭榜挂帅专项赛数据集/数据集/心理/SMIC/SMIC_all_cropped/HS/s6/micro/negative/s6_ne_01,available,40,.bmp
smic_hs__s06__s6_ne_02,smic_hs,classification,s06,s06,s6,s06_ne_02,s6_ne_02,D:/揭榜挂帅专项赛数据集/数据集/心理/SMIC/SMIC_all_cropped/HS/s6/micro/negative/s6_ne_02,available,35,.bmp
smic_hs__s06__s6_sur_01,smic_hs,classification,s06,s06,s6,s06_sur_01,s6_sur_01,D:/揭榜挂帅专项赛数据集/数据集/心理/SMIC/SMIC_all_cropped/HS/s6/micro/surprise/s6_sur_01,available,25,.bmp
smic_hs__s06__s6_sur_02,smic_hs,classification,s06,s06,s6,s06_sur_02,s6_sur_02,D:/揭榜挂帅专项赛数据集/数据集/心理/SMIC/SMIC_all_cropped/HS/s6/micro/surprise/s6_sur_02,available,41,.bmp
smic_hs__s06__s6_n1,smic_hs,spotting_negative,s06,s6,s6,s6_n1,s6_n1,D:/揭榜挂帅专项赛数据集/数据集/心理/SMIC/SMIC_all_cropped/HS/s6/non_micro/s6_n1,available,27,.bmp
smic_hs__s06__s6_n2,smic_hs,spotting_negative,s06,s6,s6,s6_n2,s6_n2,D:/揭榜挂帅专项赛数据集/数据集/心理/SMIC/SMIC_all_cropped/HS/s6/non_micro/s6_n2,available,24,.bmp
smic_hs__s06__s6_n3,smic_hs,spotting_negative,s06,s6,s6,s6_n3,s6_n3,D:/揭榜挂帅专项赛数据集/数据集/心理/SMIC/SMIC_all_cropped/HS/s6/non_micro/s6_n3,available,23,.bmp
smic_hs__s06__s6_n4,smic_hs,spotting_negative,s06,s6,s6,s6_n4,s6_n4,D:/揭榜挂帅专项赛数据集/数据集/心理/SMIC/SMIC_all_cropped/HS/s6/non_micro/s6_n4,available,35,.bmp
smic_hs__s08__s8_ne_01,smic_hs,classification,s08,s08,s8,s08_ne_01,s8_ne_01,D:/揭榜挂帅专项赛数据集/数据集/心理/SMIC/SMIC_all_cropped/HS/s8/micro/negative/s8_ne_01,available,40,.bmp
smic_hs__s08__s8_ne_02,smic_hs,classification,s08,s08,s8,s08_ne_02,s8_ne_02,D:/揭榜挂帅专项赛数据集/数据集/心理/SMIC/SMIC_all_cropped/HS/s8/micro/negative/s8_ne_02,available,28,.bmp
smic_hs__s08__s8_ne_03,smic_hs,classification,s08,s08,s8,s08_ne_03,s8_ne_03,D:/揭榜挂帅专项赛数据集/数据集/心理/SMIC/SMIC_all_cropped/HS/s8/micro/negative/s8_ne_03,available,28,.bmp
smic_hs__s08__s8_ne_04,smic_hs,classification,s08,s08,s8,s08_ne_04,s8_ne_04,D:/揭榜挂帅专项赛数据集/数据集/心理/SMIC/SMIC_all_cropped/HS/s8/micro/negative/s8_ne_04,available,37,.bmp
smic_hs__s08__s8_ne_05,smic_hs,classification,s08,s08,s8,s08_ne_05,s8_ne_05,D:/揭榜挂帅专项赛数据集/数据集/心理/SMIC/SMIC_all_cropped/HS/s8/micro/negative/s8_ne_05,available,41,.bmp
smic_hs__s08__s8_ne_06,smic_hs,classification,s08,s08,s8,s08_ne_06,s8_ne_06,D:/揭榜挂帅专项赛数据集/数据集/心理/SMIC/SMIC_all_cropped/HS/s8/micro/negative/s8_ne_06,available,48,.bmp
smic_hs__s08__s8_ne_07,smic_hs,classification,s08,s08,s8,s08_ne_07,s8_ne_07,D:/揭榜挂帅专项赛数据集/数据集/心理/SMIC/SMIC_all_cropped/HS/s8/micro/negative/s8_ne_07,available,23,.bmp
smic_hs__s08__s8_ne_08,smic_hs,classification,s08,s08,s8,s08_ne_08,s8_ne_08,D:/揭榜挂帅专项赛数据集/数据集/心理/SMIC/SMIC_all_cropped/HS/s8/micro/negative/s8_ne_08,available,28,.bmp
smic_hs__s08__s8_ne_09,smic_hs,classification,s08,s08,s8,s08_ne_09,s8_ne_09,D:/揭榜挂帅专项赛数据集/数据集/心理/SMIC/SMIC_all_cropped/HS/s8/micro/negative/s8_ne_09,available,40,.bmp
smic_hs__s08__s8_po_01,smic_hs,classification,s08,s08,s8,s08_po_01,s8_po_01,D:/揭榜挂帅专项赛数据集/数据集/心理/SMIC/SMIC_all_cropped/HS/s8/micro/positive/s8_po_01,available,37,.bmp
smic_hs__s08__s8_po_02,smic_hs,classification,s08,s08,s8,s08_po_02,s8_po_02,D:/揭榜挂帅专项赛数据集/数据集/心理/SMIC/SMIC_all_cropped/HS/s8/micro/positive/s8_po_02,available,28,.bmp
smic_hs__s08__s8_po_03,smic_hs,classification,s08,s08,s8,s08_po_03,s8_po_03,D:/揭榜挂帅专项赛数据集/数据集/心理/SMIC/SMIC_all_cropped/HS/s8/micro/positive/s8_po_03,available,32,.bmp
smic_hs__s08__s8_po_04,smic_hs,classification,s08,s08,s8,s08_po_04,s8_po_04,D:/揭榜挂帅专项赛数据集/数据集/心理/SMIC/SMIC_all_cropped/HS/s8/micro/positive/s8_po_04,available,41,.bmp
smic_hs__s08__s8_n1,smic_hs,spotting_negative,s08,s8,s8,s8_n1,s8_n1,D:/揭榜挂帅专项赛数据集/数据集/心理/SMIC/SMIC_all_cropped/HS/s8/non_micro/s8_n1,available,48,.bmp
smic_hs__s08__s8_n10,smic_hs,spotting_negative,s08,s8,s8,s8_n10,s8_n10,D:/揭榜挂帅专项赛数据集/数据集/心理/SMIC/SMIC_all_cropped/HS/s8/non_micro/s8_n10,available,44,.bmp
smic_hs__s08__s8_n11,smic_hs,spotting_negative,s08,s8,s8,s8_n11,s8_n11,D:/揭榜挂帅专项赛数据集/数据集/心理/SMIC/SMIC_all_cropped/HS/s8/non_micro/s8_n11,available,40,.bmp
smic_hs__s08__s8_n12,smic_hs,spotting_negative,s08,s8,s8,s8_n12,s8_n12,D:/揭榜挂帅专项赛数据集/数据集/心理/SMIC/SMIC_all_cropped/HS/s8/non_micro/s8_n12,available,28,.bmp
smic_hs__s08__s8_n13,smic_hs,spotting_negative,s08,s8,s8,s8_n13,s8_n13,D:/揭榜挂帅专项赛数据集/数据集/心理/SMIC/SMIC_all_cropped/HS/s8/non_micro/s8_n13,available,48,.bmp
smic_hs__s08__s8_n2,smic_hs,spotting_negative,s08,s8,s8,s8_n2,s8_n2,D:/揭榜挂帅专项赛数据集/数据集/心理/SMIC/SMIC_all_cropped/HS/s8/non_micro/s8_n2,available,32,.bmp
smic_hs__s08__s8_n3,smic_hs,spotting_negative,s08,s8,s8,s8_n3,s8_n3,D:/揭榜挂帅专项赛数据集/数据集/心理/SMIC/SMIC_all_cropped/HS/s8/non_micro/s8_n3,available,48,.bmp
smic_hs__s08__s8_n4,smic_hs,spotting_negative,s08,s8,s8,s8_n4,s8_n4,D:/揭榜挂帅专项赛数据集/数据集/心理/SMIC/SMIC_all_cropped/HS/s8/non_micro/s8_n4,available,32,.bmp
smic_hs__s08__s8_n5,smic_hs,spotting_negative,s08,s8,s8,s8_n5,s8_n5,D:/揭榜挂帅专项赛数据集/数据集/心理/SMIC/SMIC_all_cropped/HS/s8/non_micro/s8_n5,available,44,.bmp
smic_hs__s08__s8_n6,smic_hs,spotting_negative,s08,s8,s8,s8_n6,s8_n6,D:/揭榜挂帅专项赛数据集/数据集/心理/SMIC/SMIC_all_cropped/HS/s8/non_micro/s8_n6,available,28,.bmp
smic_hs__s08__s8_n7,smic_hs,spotting_negative,s08,s8,s8,s8_n7,s8_n7,D:/揭榜挂帅专项赛数据集/数据集/心理/SMIC/SMIC_all_cropped/HS/s8/non_micro/s8_n7,available,40,.bmp
smic_hs__s08__s8_n8,smic_hs,spotting_negative,s08,s8,s8,s8_n8,s8_n8,D:/揭榜挂帅专项赛数据集/数据集/心理/SMIC/SMIC_all_cropped/HS/s8/non_micro/s8_n8,available,28,.bmp
smic_hs__s08__s8_n9,smic_hs,spotting_negative,s08,s8,s8,s8_n9,s8_n9,D:/揭榜挂帅专项赛数据集/数据集/心理/SMIC/SMIC_all_cropped/HS/s8/non_micro/s8_n9,available,32,.bmp
smic_hs__s09__s9_po_01,smic_hs,classification,s09,s09,s9,s09_po_01,s9_po_01,D:/揭榜挂帅专项赛数据集/数据集/心理/SMIC/SMIC_all_cropped/HS/s9/micro/positive/s9_po_01,available,42,.bmp
smic_hs__s09__s9_sur_01,smic_hs,classification,s09,s09,s9,s09_sur_01,s9_sur_01,D:/揭榜挂帅专项赛数据集/数据集/心理/SMIC/SMIC_all_cropped/HS/s9/micro/surprise/s9_sur_01,available,27,.bmp
smic_hs__s09__s9_sur_02,smic_hs,classification,s09,s09,s9,s09_sur_02,s9_sur_02,D:/揭榜挂帅专项赛数据集/数据集/心理/SMIC/SMIC_all_cropped/HS/s9/micro/surprise/s9_sur_02,available,42,.bmp
smic_hs__s09__s9_sur_03,smic_hs,classification,s09,s09,s9,s09_sur_03,s9_sur_03,D:/揭榜挂帅专项赛数据集/数据集/心理/SMIC/SMIC_all_cropped/HS/s9/micro/surprise/s9_sur_03,available,39,.bmp
smic_hs__s09__s9_n1,smic_hs,spotting_negative,s09,s9,s9,s9_n1,s9_n1,D:/揭榜挂帅专项赛数据集/数据集/心理/SMIC/SMIC_all_cropped/HS/s9/non_micro/s9_n1,available,40,.bmp
smic_hs__s09__s9_n2,smic_hs,spotting_negative,s09,s9,s9,s9_n2,s9_n2,D:/揭榜挂帅专项赛数据集/数据集/心理/SMIC/SMIC_all_cropped/HS/s9/non_micro/s9_n2,available,36,.bmp
smic_hs__s09__s9_n3,smic_hs,spotting_negative,s09,s9,s9,s9_n3,s9_n3,D:/揭榜挂帅专项赛数据集/数据集/心理/SMIC/SMIC_all_cropped/HS/s9/non_micro/s9_n3,available,44,.bmp
smic_hs__s09__s9_n4,smic_hs,spotting_negative,s09,s9,s9,s9_n4,s9_n4,D:/揭榜挂帅专项赛数据集/数据集/心理/SMIC/SMIC_all_cropped/HS/s9/non_micro/s9_n4,available,28,.bmp
smic_hs__s11__s11_ne_01,smic_hs,classification,s11,s11,s11,s11_ne_01,s11_ne_01,D:/揭榜挂帅专项赛数据集/数据集/心理/SMIC/SMIC_all_cropped/HS/s11/micro/negative/s11_ne_01,available,21,.bmp
smic_hs__s11__s11_ne_02,smic_hs,classification,s11,s11,s11,s11_ne_02,s11_ne_02,D:/揭榜挂帅专项赛数据集/数据集/心理/SMIC/SMIC_all_cropped/HS/s11/micro/negative/s11_ne_02,available,31,.bmp
smic_hs__s11__s11_ne_03,smic_hs,classification,s11,s11,s11,s11_ne_03,s11_ne_03,D:/揭榜挂帅专项赛数据集/数据集/心理/SMIC/SMIC_all_cropped/HS/s11/micro/negative/s11_ne_03,available,41,.bmp
smic_hs__s11__s11_po_01,smic_hs,classification,s11,s11,s11,s11_po_01,s11_po_01,D:/揭榜挂帅专项赛数据集/数据集/心理/SMIC/SMIC_all_cropped/HS/s11/micro/positive/s11_po_01,available,49,.bmp
smic_hs__s11__s11_po_02,smic_hs,classification,s11,s11,s11,s11_po_02,s11_po_02,D:/揭榜挂帅专项赛数据集/数据集/心理/SMIC/SMIC_all_cropped/HS/s11/micro/positive/s11_po_02,available,48,.bmp
smic_hs__s11__s11_po_03,smic_hs,classification,s11,s11,s11,s11_po_03,s11_po_03,D:/揭榜挂帅专项赛数据集/数据集/心理/SMIC/SMIC_all_cropped/HS/s11/micro/positive/s11_po_03,available,44,.bmp
smic_hs__s11__s11_sur_01,smic_hs,classification,s11,s11,s11,s11_sur_01,s11_sur_01,D:/揭榜挂帅专项赛数据集/数据集/心理/SMIC/SMIC_all_cropped/HS/s11/micro/surprise/s11_sur_01,available,32,.bmp
smic_hs__s11__s11_n1,smic_hs,spotting_negative,s11,s11,s11,s11_n1,s11_n1,D:/揭榜挂帅专项赛数据集/数据集/心理/SMIC/SMIC_all_cropped/HS/s11/non_micro/s11_n1,available,28,.bmp
smic_hs__s11__s11_n2,smic_hs,spotting_negative,s11,s11,s11,s11_n2,s11_n2,D:/揭榜挂帅专项赛数据集/数据集/心理/SMIC/SMIC_all_cropped/HS/s11/non_micro/s11_n2,available,32,.bmp
smic_hs__s11__s11_n3,smic_hs,spotting_negative,s11,s11,s11,s11_n3,s11_n3,D:/揭榜挂帅专项赛数据集/数据集/心理/SMIC/SMIC_all_cropped/HS/s11/non_micro/s11_n3,available,44,.bmp
smic_hs__s11__s11_n4,smic_hs,spotting_negative,s11,s11,s11,s11_n4,s11_n4,D:/揭榜挂帅专项赛数据集/数据集/心理/SMIC/SMIC_all_cropped/HS/s11/non_micro/s11_n4,available,40,.bmp
smic_hs__s11__s11_n5,smic_hs,spotting_negative,s11,s11,s11,s11_n5,s11_n5,D:/揭榜挂帅专项赛数据集/数据集/心理/SMIC/SMIC_all_cropped/HS/s11/non_micro/s11_n5,available,36,.bmp
smic_hs__s11__s11_n6,smic_hs,spotting_negative,s11,s11,s11,s11_n6,s11_n6,D:/揭榜挂帅专项赛数据集/数据集/心理/SMIC/SMIC_all_cropped/HS/s11/non_micro/s11_n6,available,28,.bmp
smic_hs__s11__s11_n7,smic_hs,spotting_negative,s11,s11,s11,s11_n7,s11_n7,D:/揭榜挂帅专项赛数据集/数据集/心理/SMIC/SMIC_all_cropped/HS/s11/non_micro/s11_n7,available,40,.bmp
smic_hs__s12__s12_po_01,smic_hs,classification,s12,s12,s12,s12_po_01,s12_po_01,D:/揭榜挂帅专项赛数据集/数据集/心理/SMIC/SMIC_all_cropped/HS/s12/micro/positive/s12_po_01,available,50,.bmp
smic_hs__s12__s12_po_02,smic_hs,classification,s12,s12,s12,s12_po_02,s12_po_02,D:/揭榜挂帅专项赛数据集/数据集/心理/SMIC/SMIC_all_cropped/HS/s12/micro/positive/s12_po_02,available,26,.bmp
smic_hs__s12__s12_po_03,smic_hs,classification,s12,s12,s12,s12_po_03,s12_po_03,D:/揭榜挂帅专项赛数据集/数据集/心理/SMIC/SMIC_all_cropped/HS/s12/micro/positive/s12_po_03,available,47,.bmp
smic_hs__s12__s12_po_04,smic_hs,classification,s12,s12,s12,s12_po_04,s12_po_04,D:/揭榜挂帅专项赛数据集/数据集/心理/SMIC/SMIC_all_cropped/HS/s12/micro/positive/s12_po_04,available,28,.bmp
smic_hs__s12__s12_po_05,smic_hs,classification,s12,s12,s12,s12_po_05,s12_po_05,D:/揭榜挂帅专项赛数据集/数据集/心理/SMIC/SMIC_all_cropped/HS/s12/micro/positive/s12_po_05,available,31,.bmp
smic_hs__s12__s12_po_06,smic_hs,classification,s12,s12,s12,s12_po_06,s12_po_06,D:/揭榜挂帅专项赛数据集/数据集/心理/SMIC/SMIC_all_cropped/HS/s12/micro/positive/s12_po_06,available,40,.bmp
smic_hs__s12__s12_po_07,smic_hs,classification,s12,s12,s12,s12_po_07,s12_po_07,D:/揭榜挂帅专项赛数据集/数据集/心理/SMIC/SMIC_all_cropped/HS/s12/micro/positive/s12_po_07,available,50,.bmp
smic_hs__s12__s12_po_08,smic_hs,classification,s12,s12,s12,s12_po_08,s12_po_08,D:/揭榜挂帅专项赛数据集/数据集/心理/SMIC/SMIC_all_cropped/HS/s12/micro/positive/s12_po_08,available,41,.bmp
smic_hs__s12__s12_sur_01,smic_hs,classification,s12,s12,s12,s12_sur_01,s12_sur_01,D:/揭榜挂帅专项赛数据集/数据集/心理/SMIC/SMIC_all_cropped/HS/s12/micro/surprise/s12_sur_01,available,38,.bmp
smic_hs__s12__s12_n1,smic_hs,spotting_negative,s12,s12,s12,s12_n1,s12_n1,D:/揭榜挂帅专项赛数据集/数据集/心理/SMIC/SMIC_all_cropped/HS/s12/non_micro/s12_n1,available,44,.bmp
smic_hs__s12__s12_n2,smic_hs,spotting_negative,s12,s12,s12,s12_n2,s12_n2,D:/揭榜挂帅专项赛数据集/数据集/心理/SMIC/SMIC_all_cropped/HS/s12/non_micro/s12_n2,available,32,.bmp
smic_hs__s12__s12_n3,smic_hs,spotting_negative,s12,s12,s12,s12_n3,s12_n3,D:/揭榜挂帅专项赛数据集/数据集/心理/SMIC/SMIC_all_cropped/HS/s12/non_micro/s12_n3,available,36,.bmp
smic_hs__s12__s12_n4,smic_hs,spotting_negative,s12,s12,s12,s12_n4,s12_n4,D:/揭榜挂帅专项赛数据集/数据集/心理/SMIC/SMIC_all_cropped/HS/s12/non_micro/s12_n4,available,36,.bmp
smic_hs__s12__s12_n5,smic_hs,spotting_negative,s12,s12,s12,s12_n5,s12_n5,D:/揭榜挂帅专项赛数据集/数据集/心理/SMIC/SMIC_all_cropped/HS/s12/non_micro/s12_n5,available,40,.bmp
smic_hs__s12__s12_n6,smic_hs,spotting_negative,s12,s12,s12,s12_n6,s12_n6,D:/揭榜挂帅专项赛数据集/数据集/心理/SMIC/SMIC_all_cropped/HS/s12/non_micro/s12_n6,available,32,.bmp
smic_hs__s12__s12_n7,smic_hs,spotting_negative,s12,s12,s12,s12_n7,s12_n7,D:/揭榜挂帅专项赛数据集/数据集/心理/SMIC/SMIC_all_cropped/HS/s12/non_micro/s12_n7,available,32,.bmp
smic_hs__s12__s12_n8,smic_hs,spotting_negative,s12,s12,s12,s12_n8,s12_n8,D:/揭榜挂帅专项赛数据集/数据集/心理/SMIC/SMIC_all_cropped/HS/s12/non_micro/s12_n8,available,36,.bmp
smic_hs__s12__s12_n9,smic_hs,spotting_negative,s12,s12,s12,s12_n9,s12_n9,D:/揭榜挂帅专项赛数据集/数据集/心理/SMIC/SMIC_all_cropped/HS/s12/non_micro/s12_n9,available,44,.bmp
smic_hs__s13__s13_po_01,smic_hs,classification,s13,s13,s13,s13_po_01,s13_po_01,D:/揭榜挂帅专项赛数据集/数据集/心理/SMIC/SMIC_all_cropped/HS/s13/micro/positive/s13_po_01,available,46,.bmp
smic_hs__s13__s13_po_02,smic_hs,classification,s13,s13,s13,s13_po_02,s13_po_02,D:/揭榜挂帅专项赛数据集/数据集/心理/SMIC/SMIC_all_cropped/HS/s13/micro/positive/s13_po_02,available,33,.bmp
smic_hs__s13__s13_po_03,smic_hs,classification,s13,s13,s13,s13_po_03,s13_po_03,D:/揭榜挂帅专项赛数据集/数据集/心理/SMIC/SMIC_all_cropped/HS/s13/micro/positive/s13_po_03,available,37,.bmp
smic_hs__s13__s13_po_04,smic_hs,classification,s13,s13,s13,s13_po_04,s13_po_04,D:/揭榜挂帅专项赛数据集/数据集/心理/SMIC/SMIC_all_cropped/HS/s13/micro/positive/s13_po_04,available,50,.bmp
smic_hs__s13__s13_po_05,smic_hs,classification,s13,s13,s13,s13_po_05,s13_po_05,D:/揭榜挂帅专项赛数据集/数据集/心理/SMIC/SMIC_all_cropped/HS/s13/micro/positive/s13_po_05,available,47,.bmp
smic_hs__s13__s13_po_06,smic_hs,classification,s13,s13,s13,s13_po_06,s13_po_06,D:/揭榜挂帅专项赛数据集/数据集/心理/SMIC/SMIC_all_cropped/HS/s13/micro/positive/s13_po_06,available,42,.bmp
smic_hs__s13__s13_po_07,smic_hs,classification,s13,s13,s13,s13_po_07,s13_po_07,D:/揭榜挂帅专项赛数据集/数据集/心理/SMIC/SMIC_all_cropped/HS/s13/micro/positive/s13_po_07,available,31,.bmp
smic_hs__s13__s13_po_08,smic_hs,classification,s13,s13,s13,s13_po_08,s13_po_08,D:/揭榜挂帅专项赛数据集/数据集/心理/SMIC/SMIC_all_cropped/HS/s13/micro/positive/s13_po_08,available,36,.bmp
smic_hs__s13__s13_po_09,smic_hs,classification,s13,s13,s13,s13_po_09,s13_po_09,D:/揭榜挂帅专项赛数据集/数据集/心理/SMIC/SMIC_all_cropped/HS/s13/micro/positive/s13_po_09,available,41,.bmp
smic_hs__s13__s13_po_10,smic_hs,classification,s13,s13,s13,s13_po_10,s13_po_10,D:/揭榜挂帅专项赛数据集/数据集/心理/SMIC/SMIC_all_cropped/HS/s13/micro/positive/s13_po_10,available,46,.bmp
smic_hs__s13__s13_n1,smic_hs,spotting_negative,s13,s13,s13,s13_n1,s13_n1,D:/揭榜挂帅专项赛数据集/数据集/心理/SMIC/SMIC_all_cropped/HS/s13/non_micro/s13_n1,available,36,.bmp
smic_hs__s13__s13_n10,smic_hs,spotting_negative,s13,s13,s13,s13_n10,s13_n10,D:/揭榜挂帅专项赛数据集/数据集/心理/SMIC/SMIC_all_cropped/HS/s13/non_micro/s13_n10,available,40,.bmp
smic_hs__s13__s13_n2,smic_hs,spotting_negative,s13,s13,s13,s13_n2,s13_n2,D:/揭榜挂帅专项赛数据集/数据集/心理/SMIC/SMIC_all_cropped/HS/s13/non_micro/s13_n2,available,36,.bmp
smic_hs__s13__s13_n3,smic_hs,spotting_negative,s13,s13,s13,s13_n3,s13_n3,D:/揭榜挂帅专项赛数据集/数据集/心理/SMIC/SMIC_all_cropped/HS/s13/non_micro/s13_n3,available,44,.bmp
smic_hs__s13__s13_n4,smic_hs,spotting_negative,s13,s13,s13,s13_n4,s13_n4,D:/揭榜挂帅专项赛数据集/数据集/心理/SMIC/SMIC_all_cropped/HS/s13/non_micro/s13_n4,available,40,.bmp
smic_hs__s13__s13_n5,smic_hs,spotting_negative,s13,s13,s13,s13_n5,s13_n5,D:/揭榜挂帅专项赛数据集/数据集/心理/SMIC/SMIC_all_cropped/HS/s13/non_micro/s13_n5,available,36,.bmp
smic_hs__s13__s13_n6,smic_hs,spotting_negative,s13,s13,s13,s13_n6,s13_n6,D:/揭榜挂帅专项赛数据集/数据集/心理/SMIC/SMIC_all_cropped/HS/s13/non_micro/s13_n6,available,36,.bmp
smic_hs__s13__s13_n7,smic_hs,spotting_negative,s13,s13,s13,s13_n7,s13_n7,D:/揭榜挂帅专项赛数据集/数据集/心理/SMIC/SMIC_all_cropped/HS/s13/non_micro/s13_n7,available,44,.bmp
smic_hs__s13__s13_n8,smic_hs,spotting_negative,s13,s13,s13,s13_n8,s13_n8,D:/揭榜挂帅专项赛数据集/数据集/心理/SMIC/SMIC_all_cropped/HS/s13/non_micro/s13_n8,available,36,.bmp
smic_hs__s13__s13_n9,smic_hs,spotting_negative,s13,s13,s13,s13_n9,s13_n9,D:/揭榜挂帅专项赛数据集/数据集/心理/SMIC/SMIC_all_cropped/HS/s13/non_micro/s13_n9,available,40,.bmp
smic_hs__s14__s14_ne_01,smic_hs,classification,s14,s14,s14,s14_ne_01,s14_ne_01,D:/揭榜挂帅专项赛数据集/数据集/心理/SMIC/SMIC_all_cropped/HS/s14/micro/negative/s14_ne_01,available,51,.bmp
smic_hs__s14__s14_ne_02,smic_hs,classification,s14,s14,s14,s14_ne_02,s14_ne_02,D:/揭榜挂帅专项赛数据集/数据集/心理/SMIC/SMIC_all_cropped/HS/s14/micro/negative/s14_ne_02,available,38,.bmp
smic_hs__s14__s14_ne_03,smic_hs,classification,s14,s14,s14,s14_ne_03,s14_ne_03,D:/揭榜挂帅专项赛数据集/数据集/心理/SMIC/SMIC_all_cropped/HS/s14/micro/negative/s14_ne_03,available,58,.bmp
smic_hs__s14__s14_po_01,smic_hs,classification,s14,s14,s14,s14_po_01,s14_po_01,D:/揭榜挂帅专项赛数据集/数据集/心理/SMIC/SMIC_all_cropped/HS/s14/micro/positive/s14_po_01,available,50,.bmp
smic_hs__s14__s14_po_02,smic_hs,classification,s14,s14,s14,s14_po_02,s14_po_02,D:/揭榜挂帅专项赛数据集/数据集/心理/SMIC/SMIC_all_cropped/HS/s14/micro/positive/s14_po_02,available,49,.bmp
smic_hs__s14__s14_sur_01,smic_hs,classification,s14,s14,s14,s14_sur_01,s14_sur_01,D:/揭榜挂帅专项赛数据集/数据集/心理/SMIC/SMIC_all_cropped/HS/s14/micro/surprise/s14_sur_01,available,38,.bmp
smic_hs__s14__s14_sur_02,smic_hs,classification,s14,s14,s14,s14_sur_02,s14_sur_02,D:/揭榜挂帅专项赛数据集/数据集/心理/SMIC/SMIC_all_cropped/HS/s14/micro/surprise/s14_sur_02,available,36,.bmp
smic_hs__s14__s14_sur_03,smic_hs,classification,s14,s14,s14,s14_sur_03,s14_sur_03,D:/揭榜挂帅专项赛数据集/数据集/心理/SMIC/SMIC_all_cropped/HS/s14/micro/surprise/s14_sur_03,available,39,.bmp
smic_hs__s14__s14_sur_04,smic_hs,classification,s14,s14,s14,s14_sur_04,s14_sur_04,D:/揭榜挂帅专项赛数据集/数据集/心理/SMIC/SMIC_all_cropped/HS/s14/micro/surprise/s14_sur_04,available,45,.bmp
smic_hs__s14__s14_sur_05,smic_hs,classification,s14,s14,s14,s14_sur_05,s14_sur_05,D:/揭榜挂帅专项赛数据集/数据集/心理/SMIC/SMIC_all_cropped/HS/s14/micro/surprise/s14_sur_05,available,41,.bmp
smic_hs__s14__s14_n1,smic_hs,spotting_negative,s14,s14,s14,s14_n1,s14_n1,D:/揭榜挂帅专项赛数据集/数据集/心理/SMIC/SMIC_all_cropped/HS/s14/non_micro/s14_n1,available,44,.bmp
smic_hs__s14__s14_n10,smic_hs,spotting_negative,s14,s14,s14,s14_n10,s14_n10,D:/揭榜挂帅专项赛数据集/数据集/心理/SMIC/SMIC_all_cropped/HS/s14/non_micro/s14_n10,available,44,.bmp
smic_hs__s14__s14_n2,smic_hs,spotting_negative,s14,s14,s14,s14_n2,s14_n2,D:/揭榜挂帅专项赛数据集/数据集/心理/SMIC/SMIC_all_cropped/HS/s14/non_micro/s14_n2,available,44,.bmp
smic_hs__s14__s14_n3,smic_hs,spotting_negative,s14,s14,s14,s14_n3,s14_n3,D:/揭榜挂帅专项赛数据集/数据集/心理/SMIC/SMIC_all_cropped/HS/s14/non_micro/s14_n3,available,48,.bmp
smic_hs__s14__s14_n4,smic_hs,spotting_negative,s14,s14,s14,s14_n4,s14_n4,D:/揭榜挂帅专项赛数据集/数据集/心理/SMIC/SMIC_all_cropped/HS/s14/non_micro/s14_n4,available,40,.bmp
smic_hs__s14__s14_n5,smic_hs,spotting_negative,s14,s14,s14,s14_n5,s14_n5,D:/揭榜挂帅专项赛数据集/数据集/心理/SMIC/SMIC_all_cropped/HS/s14/non_micro/s14_n5,available,50,.bmp
smic_hs__s14__s14_n6,smic_hs,spotting_negative,s14,s14,s14,s14_n6,s14_n6,D:/揭榜挂帅专项赛数据集/数据集/心理/SMIC/SMIC_all_cropped/HS/s14/non_micro/s14_n6,available,36,.bmp
smic_hs__s14__s14_n7,smic_hs,spotting_negative,s14,s14,s14,s14_n7,s14_n7,D:/揭榜挂帅专项赛数据集/数据集/心理/SMIC/SMIC_all_cropped/HS/s14/non_micro/s14_n7,available,50,.bmp
smic_hs__s14__s14_n8,smic_hs,spotting_negative,s14,s14,s14,s14_n8,s14_n8,D:/揭榜挂帅专项赛数据集/数据集/心理/SMIC/SMIC_all_cropped/HS/s14/non_micro/s14_n8,available,44,.bmp
smic_hs__s14__s14_n9,smic_hs,spotting_negative,s14,s14,s14,s14_n9,s14_n9,D:/揭榜挂帅专项赛数据集/数据集/心理/SMIC/SMIC_all_cropped/HS/s14/non_micro/s14_n9,available,40,.bmp
smic_hs__s15__s15_ne_01,smic_hs,classification,s15,s15,s15,s15_ne_01,s15_ne_01,D:/揭榜挂帅专项赛数据集/数据集/心理/SMIC/SMIC_all_cropped/HS/s15/micro/negative/s15_ne_01,available,50,.bmp
smic_hs__s15__s15_po_01,smic_hs,classification,s15,s15,s15,s15_po_01,s15_po_01,D:/揭榜挂帅专项赛数据集/数据集/心理/SMIC/SMIC_all_cropped/HS/s15/micro/positive/s15_po_01,available,49,.bmp
smic_hs__s15__s15_sur_01,smic_hs,classification,s15,s15,s15,s15_sur_01,s15_sur_01,D:/揭榜挂帅专项赛数据集/数据集/心理/SMIC/SMIC_all_cropped/HS/s15/micro/surprise/s15_sur_01,available,33,.bmp
smic_hs__s15__s15_sur_02,smic_hs,classification,s15,s15,s15,s15_sur_02,s15_sur_02,D:/揭榜挂帅专项赛数据集/数据集/心理/SMIC/SMIC_all_cropped/HS/s15/micro/surprise/s15_sur_02,available,41,.bmp
smic_hs__s15__s15_n1,smic_hs,spotting_negative,s15,s15,s15,s15_n1,s15_n1,D:/揭榜挂帅专项赛数据集/数据集/心理/SMIC/SMIC_all_cropped/HS/s15/non_micro/s15_n1,available,48,.bmp
smic_hs__s15__s15_n2,smic_hs,spotting_negative,s15,s15,s15,s15_n2,s15_n2,D:/揭榜挂帅专项赛数据集/数据集/心理/SMIC/SMIC_all_cropped/HS/s15/non_micro/s15_n2,available,36,.bmp
smic_hs__s15__s15_n3,smic_hs,spotting_negative,s15,s15,s15,s15_n3,s15_n3,D:/揭榜挂帅专项赛数据集/数据集/心理/SMIC/SMIC_all_cropped/HS/s15/non_micro/s15_n3,available,40,.bmp
smic_hs__s15__s15_n4,smic_hs,spotting_negative,s15,s15,s15,s15_n4,s15_n4,D:/揭榜挂帅专项赛数据集/数据集/心理/SMIC/SMIC_all_cropped/HS/s15/non_micro/s15_n4,available,44,.bmp
smic_hs__s18__s18_ne_01,smic_hs,classification,s18,s18,s18,s18_ne_01,s18_ne_01,D:/揭榜挂帅专项赛数据集/数据集/心理/SMIC/SMIC_all_cropped/HS/s18/micro/negative/s18_ne_01,available,39,.bmp
smic_hs__s18__s18_ne_02,smic_hs,classification,s18,s18,s18,s18_ne_02,s18_ne_02,D:/揭榜挂帅专项赛数据集/数据集/心理/SMIC/SMIC_all_cropped/HS/s18/micro/negative/s18_ne_02,available,46,.bmp
smic_hs__s18__s18_sur_01,smic_hs,classification,s18,s18,s18,s18_sur_01,s18_sur_01,D:/揭榜挂帅专项赛数据集/数据集/心理/SMIC/SMIC_all_cropped/HS/s18/micro/surprise/s18_sur_01,available,37,.bmp
smic_hs__s18__s18_sur_02,smic_hs,classification,s18,s18,s18,s18_sur_02,s18_sur_02,D:/揭榜挂帅专项赛数据集/数据集/心理/SMIC/SMIC_all_cropped/HS/s18/micro/surprise/s18_sur_02,available,32,.bmp
smic_hs__s18__s18_sur_03,smic_hs,classification,s18,s18,s18,s18_sur_03,s18_sur_03,D:/揭榜挂帅专项赛数据集/数据集/心理/SMIC/SMIC_all_cropped/HS/s18/micro/surprise/s18_sur_03,available,28,.bmp
smic_hs__s18__s18_sur_04,smic_hs,classification,s18,s18,s18,s18_sur_04,s18_sur_04,D:/揭榜挂帅专项赛数据集/数据集/心理/SMIC/SMIC_all_cropped/HS/s18/micro/surprise/s18_sur_04,available,36,.bmp
smic_hs__s18__s18_sur_05,smic_hs,classification,s18,s18,s18,s18_sur_05,s18_sur_05,D:/揭榜挂帅专项赛数据集/数据集/心理/SMIC/SMIC_all_cropped/HS/s18/micro/surprise/s18_sur_05,available,40,.bmp
smic_hs__s18__s18_n1,smic_hs,spotting_negative,s18,s18,s18,s18_n1,s18_n1,D:/揭榜挂帅专项赛数据集/数据集/心理/SMIC/SMIC_all_cropped/HS/s18/non_micro/s18_n1,available,40,.bmp
smic_hs__s18__s18_n2,smic_hs,spotting_negative,s18,s18,s18,s18_n2,s18_n2,D:/揭榜挂帅专项赛数据集/数据集/心理/SMIC/SMIC_all_cropped/HS/s18/non_micro/s18_n2,available,36,.bmp
smic_hs__s18__s18_n3,smic_hs,spotting_negative,s18,s18,s18,s18_n3,s18_n3,D:/揭榜挂帅专项赛数据集/数据集/心理/SMIC/SMIC_all_cropped/HS/s18/non_micro/s18_n3,available,36,.bmp
smic_hs__s18__s18_n4,smic_hs,spotting_negative,s18,s18,s18,s18_n4,s18_n4,D:/揭榜挂帅专项赛数据集/数据集/心理/SMIC/SMIC_all_cropped/HS/s18/non_micro/s18_n4,available,32,.bmp
smic_hs__s18__s18_n5,smic_hs,spotting_negative,s18,s18,s18,s18_n5,s18_n5,D:/揭榜挂帅专项赛数据集/数据集/心理/SMIC/SMIC_all_cropped/HS/s18/non_micro/s18_n5,available,44,.bmp
smic_hs__s18__s18_n6,smic_hs,spotting_negative,s18,s18,s18,s18_n6,s18_n6,D:/揭榜挂帅专项赛数据集/数据集/心理/SMIC/SMIC_all_cropped/HS/s18/non_micro/s18_n6,available,40,.bmp
smic_hs__s18__s18_n7,smic_hs,spotting_negative,s18,s18,s18,s18_n7,s18_n7,D:/揭榜挂帅专项赛数据集/数据集/心理/SMIC/SMIC_all_cropped/HS/s18/non_micro/s18_n7,available,44,.bmp
smic_hs__s19__s19_po_01,smic_hs,classification,s19,s19,s19,s19_po_01,s19_po_01,D:/揭榜挂帅专项赛数据集/数据集/心理/SMIC/SMIC_all_cropped/HS/s19/micro/positive/s19_po_01,available,35,.bmp
smic_hs__s19__s19_sur_01,smic_hs,classification,s19,s19,s19,s19_sur_01,s19_sur_01,D:/揭榜挂帅专项赛数据集/数据集/心理/SMIC/SMIC_all_cropped/HS/s19/micro/surprise/s19_sur_01,available,50,.bmp
smic_hs__s19__s19_n1,smic_hs,spotting_negative,s19,s19,s19,s19_n1,s19_n1,D:/揭榜挂帅专项赛数据集/数据集/心理/SMIC/SMIC_all_cropped/HS/s19/non_micro/s19_n1,available,36,.bmp
smic_hs__s19__s19_n2,smic_hs,spotting_negative,s19,s19,s19,s19_n2,s19_n2,D:/揭榜挂帅专项赛数据集/数据集/心理/SMIC/SMIC_all_cropped/HS/s19/non_micro/s19_n2,available,48,.bmp
smic_hs__s20__s20_ne_01,smic_hs,classification,s20,s20,s20,s20_ne_01,s20_ne_01,D:/揭榜挂帅专项赛数据集/数据集/心理/SMIC/SMIC_all_cropped/HS/s20/micro/negative/s20_ne_01,available,17,.bmp
smic_hs__s20__s20_ne_02,smic_hs,classification,s20,s20,s20,s20_ne_02,s20_ne_02,D:/揭榜挂帅专项赛数据集/数据集/心理/SMIC/SMIC_all_cropped/HS/s20/micro/negative/s20_ne_02,available,32,.bmp
smic_hs__s20__s20_ne_03,smic_hs,classification,s20,s20,s20,s20_ne_03,s20_ne_03,D:/揭榜挂帅专项赛数据集/数据集/心理/SMIC/SMIC_all_cropped/HS/s20/micro/negative/s20_ne_03,available,34,.bmp
smic_hs__s20__s20_ne_04,smic_hs,classification,s20,s20,s20,s20_ne_04,s20_ne_04,D:/揭榜挂帅专项赛数据集/数据集/心理/SMIC/SMIC_all_cropped/HS/s20/micro/negative/s20_ne_04,available,23,.bmp
smic_hs__s20__s20_ne_05,smic_hs,classification,s20,s20,s20,s20_ne_05,s20_ne_05,D:/揭榜挂帅专项赛数据集/数据集/心理/SMIC/SMIC_all_cropped/HS/s20/micro/negative/s20_ne_05,available,31,.bmp
smic_hs__s20__s20_ne_06,smic_hs,classification,s20,s20,s20,s20_ne_06,s20_ne_06,D:/揭榜挂帅专项赛数据集/数据集/心理/SMIC/SMIC_all_cropped/HS/s20/micro/negative/s20_ne_06,available,21,.bmp
smic_hs__s20__s20_ne_07,smic_hs,classification,s20,s20,s20,s20_ne_07,s20_ne_07,D:/揭榜挂帅专项赛数据集/数据集/心理/SMIC/SMIC_all_cropped/HS/s20/micro/negative/s20_ne_07,available,17,.bmp
smic_hs__s20__s20_ne_08,smic_hs,classification,s20,s20,s20,s20_ne_08,s20_ne_08,D:/揭榜挂帅专项赛数据集/数据集/心理/SMIC/SMIC_all_cropped/HS/s20/micro/negative/s20_ne_08,available,45,.bmp
smic_hs__s20__s20_ne_09,smic_hs,classification,s20,s20,s20,s20_ne_09,s20_ne_09,D:/揭榜挂帅专项赛数据集/数据集/心理/SMIC/SMIC_all_cropped/HS/s20/micro/negative/s20_ne_09,available,36,.bmp
smic_hs__s20__s20_ne_10,smic_hs,classification,s20,s20,s20,s20_ne_10,s20_ne_10,D:/揭榜挂帅专项赛数据集/数据集/心理/SMIC/SMIC_all_cropped/HS/s20/micro/negative/s20_ne_10,available,19,.bmp
smic_hs__s20__s20_ne_11,smic_hs,classification,s20,s20,s20,s20_ne_11,s20_ne_11,D:/揭榜挂帅专项赛数据集/数据集/心理/SMIC/SMIC_all_cropped/HS/s20/micro/negative/s20_ne_11,available,32,.bmp
smic_hs__s20__s20_ne_12,smic_hs,classification,s20,s20,s20,s20_ne_12,s20_ne_12,D:/揭榜挂帅专项赛数据集/数据集/心理/SMIC/SMIC_all_cropped/HS/s20/micro/negative/s20_ne_12,available,38,.bmp
smic_hs__s20__s20_ne_13,smic_hs,classification,s20,s20,s20,s20_ne_13,s20_ne_13,D:/揭榜挂帅专项赛数据集/数据集/心理/SMIC/SMIC_all_cropped/HS/s20/micro/negative/s20_ne_13,available,38,.bmp
smic_hs__s20__s20_ne_14,smic_hs,classification,s20,s20,s20,s20_ne_14,s20_ne_14,D:/揭榜挂帅专项赛数据集/数据集/心理/SMIC/SMIC_all_cropped/HS/s20/micro/negative/s20_ne_14,available,50,.bmp
smic_hs__s20__s20_po_01,smic_hs,classification,s20,s20,s20,s20_po_01,s20_po_01,D:/揭榜挂帅专项赛数据集/数据集/心理/SMIC/SMIC_all_cropped/HS/s20/micro/positive/s20_po_01,available,47,.bmp
smic_hs__s20__s20_po_02,smic_hs,classification,s20,s20,s20,s20_po_02,s20_po_02,D:/揭榜挂帅专项赛数据集/数据集/心理/SMIC/SMIC_all_cropped/HS/s20/micro/positive/s20_po_02,available,43,.bmp
smic_hs__s20__s20_po_03,smic_hs,classification,s20,s20,s20,s20_po_03,s20_po_03,D:/揭榜挂帅专项赛数据集/数据集/心理/SMIC/SMIC_all_cropped/HS/s20/micro/positive/s20_po_03,available,25,.bmp
smic_hs__s20__s20_sur_01,smic_hs,classification,s20,s20,s20,s20_sur_01,s20_sur_01,D:/揭榜挂帅专项赛数据集/数据集/心理/SMIC/SMIC_all_cropped/HS/s20/micro/surprise/s20_sur_01,available,38,.bmp
smic_hs__s20__s20_sur_02,smic_hs,classification,s20,s20,s20,s20_sur_02,s20_sur_02,D:/揭榜挂帅专项赛数据集/数据集/心理/SMIC/SMIC_all_cropped/HS/s20/micro/surprise/s20_sur_02,available,22,.bmp
smic_hs__s20__s20_sur_03,smic_hs,classification,s20,s20,s20,s20_sur_03,s20_sur_03,D:/揭榜挂帅专项赛数据集/数据集/心理/SMIC/SMIC_all_cropped/HS/s20/micro/surprise/s20_sur_03,available,49,.bmp
smic_hs__s20__s20_sur_04,smic_hs,classification,s20,s20,s20,s20_sur_04,s20_sur_04,D:/揭榜挂帅专项赛数据集/数据集/心理/SMIC/SMIC_all_cropped/HS/s20/micro/surprise/s20_sur_04,available,41,.bmp
smic_hs__s20__s20_sur_05,smic_hs,classification,s20,s20,s20,s20_sur_05,s20_sur_05,D:/揭榜挂帅专项赛数据集/数据集/心理/SMIC/SMIC_all_cropped/HS/s20/micro/surprise/s20_sur_05,available,24,.bmp
smic_hs__s20__s20_n1,smic_hs,spotting_negative,s20,s20,s20,s20_n1,s20_n1,D:/揭榜挂帅专项赛数据集/数据集/心理/SMIC/SMIC_all_cropped/HS/s20/non_micro/s20_n1,available,28,.bmp
smic_hs__s20__s20_n10,smic_hs,spotting_negative,s20,s20,s20,s20_n10,s20_n10,D:/揭榜挂帅专项赛数据集/数据集/心理/SMIC/SMIC_all_cropped/HS/s20/non_micro/s20_n10,available,24,.bmp
smic_hs__s20__s20_n11,smic_hs,spotting_negative,s20,s20,s20,s20_n11,s20_n11,D:/揭榜挂帅专项赛数据集/数据集/心理/SMIC/SMIC_all_cropped/HS/s20/non_micro/s20_n11,available,32,.bmp
smic_hs__s20__s20_n12,smic_hs,spotting_negative,s20,s20,s20,s20_n12,s20_n12,D:/揭榜挂帅专项赛数据集/数据集/心理/SMIC/SMIC_all_cropped/HS/s20/non_micro/s20_n12,available,20,.bmp
smic_hs__s20__s20_n13,smic_hs,spotting_negative,s20,s20,s20,s20_n13,s20_n13,D:/揭榜挂帅专项赛数据集/数据集/心理/SMIC/SMIC_all_cropped/HS/s20/non_micro/s20_n13,available,24,.bmp
smic_hs__s20__s20_n14,smic_hs,spotting_negative,s20,s20,s20,s20_n14,s20_n14,D:/揭榜挂帅专项赛数据集/数据集/心理/SMIC/SMIC_all_cropped/HS/s20/non_micro/s20_n14,available,28,.bmp
smic_hs__s20__s20_n15,smic_hs,spotting_negative,s20,s20,s20,s20_n15,s20_n15,D:/揭榜挂帅专项赛数据集/数据集/心理/SMIC/SMIC_all_cropped/HS/s20/non_micro/s20_n15,available,40,.bmp
smic_hs__s20__s20_n16,smic_hs,spotting_negative,s20,s20,s20,s20_n16,s20_n16,D:/揭榜挂帅专项赛数据集/数据集/心理/SMIC/SMIC_all_cropped/HS/s20/non_micro/s20_n16,available,40,.bmp
smic_hs__s20__s20_n17,smic_hs,spotting_negative,s20,s20,s20,s20_n17,s20_n17,D:/揭榜挂帅专项赛数据集/数据集/心理/SMIC/SMIC_all_cropped/HS/s20/non_micro/s20_n17,available,20,.bmp
smic_hs__s20__s20_n18,smic_hs,spotting_negative,s20,s20,s20,s20_n18,s20_n18,D:/揭榜挂帅专项赛数据集/数据集/心理/SMIC/SMIC_all_cropped/HS/s20/non_micro/s20_n18,available,28,.bmp
smic_hs__s20__s20_n19,smic_hs,spotting_negative,s20,s20,s20,s20_n19,s20_n19,D:/揭榜挂帅专项赛数据集/数据集/心理/SMIC/SMIC_all_cropped/HS/s20/non_micro/s20_n19,available,24,.bmp
smic_hs__s20__s20_n2,smic_hs,spotting_negative,s20,s20,s20,s20_n2,s20_n2,D:/揭榜挂帅专项赛数据集/数据集/心理/SMIC/SMIC_all_cropped/HS/s20/non_micro/s20_n2,available,40,.bmp
smic_hs__s20__s20_n20,smic_hs,spotting_negative,s20,s20,s20,s20_n20,s20_n20,D:/揭榜挂帅专项赛数据集/数据集/心理/SMIC/SMIC_all_cropped/HS/s20/non_micro/s20_n20,available,24,.bmp
smic_hs__s20__s20_n21,smic_hs,spotting_negative,s20,s20,s20,s20_n21,s20_n21,D:/揭榜挂帅专项赛数据集/数据集/心理/SMIC/SMIC_all_cropped/HS/s20/non_micro/s20_n21,available,28,.bmp
smic_hs__s20__s20_n22,smic_hs,spotting_negative,s20,s20,s20,s20_n22,s20_n22,D:/揭榜挂帅专项赛数据集/数据集/心理/SMIC/SMIC_all_cropped/HS/s20/non_micro/s20_n22,available,20,.bmp
smic_hs__s20__s20_n3,smic_hs,spotting_negative,s20,s20,s20,s20_n3,s20_n3,D:/揭榜挂帅专项赛数据集/数据集/心理/SMIC/SMIC_all_cropped/HS/s20/non_micro/s20_n3,available,44,.bmp
smic_hs__s20__s20_n4,smic_hs,spotting_negative,s20,s20,s20,s20_n4,s20_n4,D:/揭榜挂帅专项赛数据集/数据集/心理/SMIC/SMIC_all_cropped/HS/s20/non_micro/s20_n4,available,36,.bmp
smic_hs__s20__s20_n5,smic_hs,spotting_negative,s20,s20,s20,s20_n5,s20_n5,D:/揭榜挂帅专项赛数据集/数据集/心理/SMIC/SMIC_all_cropped/HS/s20/non_micro/s20_n5,available,28,.bmp
smic_hs__s20__s20_n6,smic_hs,spotting_negative,s20,s20,s20,s20_n6,s20_n6,D:/揭榜挂帅专项赛数据集/数据集/心理/SMIC/SMIC_all_cropped/HS/s20/non_micro/s20_n6,available,20,.bmp
smic_hs__s20__s20_n7,smic_hs,spotting_negative,s20,s20,s20,s20_n7,s20_n7,D:/揭榜挂帅专项赛数据集/数据集/心理/SMIC/SMIC_all_cropped/HS/s20/non_micro/s20_n7,available,36,.bmp
smic_hs__s20__s20_n8,smic_hs,spotting_negative,s20,s20,s20,s20_n8,s20_n8,D:/揭榜挂帅专项赛数据集/数据集/心理/SMIC/SMIC_all_cropped/HS/s20/non_micro/s20_n8,available,40,.bmp
smic_hs__s20__s20_n9,smic_hs,spotting_negative,s20,s20,s20,s20_n9,s20_n9,D:/揭榜挂帅专项赛数据集/数据集/心理/SMIC/SMIC_all_cropped/HS/s20/non_micro/s20_n9,available,44,.bmp
